id,portal,title,property_type,canon,admin_fee,total_price,price_per_m2,neighborhood,zone,address,area_m2,bedrooms,bathrooms,parking,stratum,url,contact_phone,contact_whatsapp,contact_agency,contact_agent_name,images_count,main_image,verified,description
MQ-9851-M5646833,Metrocuadrado,"Apartamento en Arriendo, Alto Prado, Barranquilla",Apartamento,1000000,0,1000000,14706,Alto Prado,Noroccidente,"Alto Prado, Barranquilla",68.0,2,2,1,4,https://www.metrocuadrado.com/inmueble/arriendo-apartamento-barranquilla-el-prado-2-habitaciones-2-banos-1-garajes/9851-M5646833,6053303333,573176969321,FINANCAR S.A,Asesor Comercial,12,https://multimedia.metrocuadrado.com/9851-M5646833/9851-M5646833_1.jpg,True,"CÓMODO APARTAMENTO, FRESCO, AMPLIO, ILUMINADO, CON DOS ALCOBAS. UBICADO EN ZONA COMERCIAL, CERCA A BANCOS, SUPERMERCADOS, ENTRE OTROS PUNTOS DE INTERÉS."
FR-194267696,Finca Raiz,"Apartamento en Arriendo en Paraiso, Barranquilla",Apartamento,1250000,0,1250000,18939,Paraiso,Norte,CARRERA 78 80- 59,66.0,2,2,0,4,https://www.fincaraiz.com.co/apartamento-en-arriendo-en-paraiso-barranquilla/194267696,+5731,,ARIZA & CORREA,ARIZA & CORREA,11,https://cdn2.infocasas.com.uy/repo/img/6ab680bd0473d_infocdn__73c262ee-92d0-4ef2-976c-e7f7f4211380.jpeg,True,"traemos para ti este apartamento acogedor de un solo ambiente, con espacio en la terraza para una moto, cuenta con enrejado y un pequeño patio. el apartamento se encuentra ubicado en sector central de la ciudad con supermercados cercanos.  ***"
MQ-10662-M5366680,Metrocuadrado,"Apartamento en Arriendo, GOLF ALTO PRADO, Barranquilla",Apartamento,1300000,0,1300000,54167,Golf Alto Prado,Noroccidente,"Golf Alto Prado, Barranquilla",24.0,1,1,1,5,https://www.metrocuadrado.com/inmueble/arriendo-apartamento-barranquilla-altos-del-prado-1-habitaciones-1-banos-1-garajes/10662-M5366680,3188483040,573188483040,Inmobiliaria,GUILLERMO ARTURO CABREJO CARDENAS,7,https://multimedia.metrocuadrado.com/10662-M5366680/10662-M5366680_11.jpg,True,"APARTAESTUDIO AMOBLADO EN ALTO PRADO – TORRE 50.    Ubicación privilegiada en una de las zonas más exclusivas de Barranquilla  Disfruta del clima caribeño en un ambiente moderno y acogedor.   Totalmente nuevo y equipado para tu comodidad:  Mobiliario completo.  Refrigerador, cocina equipada y baño c"
MQ-MC6250332,Metrocuadrado,"Apartamento en Arriendo, MIRAMAR   Noroccidente, Barranquilla",Apartamento,1380000,0,1380000,32266,Miramar,Noroccidente,"Miramar, Barranquilla",42.77,2,2,0,4,https://www.metrocuadrado.com/inmueble/arriendo-apartamento-barranquilla-miramar-2-habitaciones-2-banos/MC6250332,3014011865,573014011865,Persona natural,Liseth Martinez,10,https://multimedia.metrocuadrado.com/MC6250332/MC6250332_2.jpg,True,"Apartamento ubicado en Miramar conjunto Firenze piso 9, Zona tranquila. El apartamento consta de 2 habitaciones cada una con su propio baño. Sala con ventanal grande con hermosa vista para contemplar los atardeceres. Cocina integral, área de labores, con lavadero y punto para instalar lavadora, un e"
MQ-13957-M7088494,Metrocuadrado,"Apartamento en Arriendo, Miramar, Barranquilla",Apartamento,1400000,0,1400000,18919,Miramar,Noroccidente,"Miramar, Barranquilla",74.0,3,2,0,3,https://www.metrocuadrado.com/inmueble/arriendo-apartamento-barranquilla-miramar-3-habitaciones-2-banos/13957-M7088494,3102668256,573014726883,CONINSA RAMON H. S.A.,Asesor Comercial,12,https://multimedia.metrocuadrado.com/13957-M7088494/13957-M7088494_21.jpg,True,"CONINSA ARRIENDA APARTAMENTO EN MIRAMAR, con un área de 74 metros, cuenta con sala comedor, balcón, cocina semi integral, zona de labores, 3 alcobas y 2 baños. El conjunto cerrado ofrece vigilancia 24 horas, parqueadero comunal, zona infantil y ascensor, brindando comodidad y seguridad para toda la "
MQ-710-M6567042,Metrocuadrado,"Apartamento en Arriendo, La Cumbre, Barranquilla",Apartamento,1400000,0,1400000,21538,La Cumbre,Noroccidente,"La Cumbre, Barranquilla",65.0,2,2,1,5,https://www.metrocuadrado.com/inmueble/arriendo-apartamento-barranquilla-la-cumbre-2-habitaciones-2-banos/710-M6567042,3204940443,573204940443,Inmobiliaria / Inmobiliaria Mchaileh,BIENES Y PROYECTOS INMOBILIARIOS,18,https://multimedia.metrocuadrado.com/710-M6567042/710-M6567042_61.jpg,True,"Descubre este acogedor apartamento de 2 habitaciones y 1 baño, con una cocina equipada perfecta para tus creaciones culinarias. Disfruta del aire fresco en el balcón, y relájate en la sala-comedor con tus seres queridos. La zona de ropas te facilitará las tareas del hogar, y tendrás un garaje Descub"
FR-194319321,Finca Raiz,"Apartamento en Arriendo en Granadillo, Barranquilla",Apartamento,1400000,0,1400000,23333,Granadillo,Norte,Carrera 43 # 84 - 12 apto 303  (Felipe),60.0,1,1,1,6,https://www.fincaraiz.com.co/apartamento-en-arriendo-en-granadillo-barranquilla/194319321,+5731,,COUNTRY RAIZ INMOBILIARIA SAS,COUNTRY RAIZ INMOBILIARIA SAS,8,https://cdn2.infocasas.com.uy/repo/img/6ab70a37cbc64_infocdn__gr298071020220516075501jpeg.jpeg,True,"Se arrienda apartaestudio AMPLIO y MODERNO en el sector Granadillo. Posee 1 alcoba, 1 estudio, 1 baño, sala y cocina.  1 parqueadero y parqueadero para visitantes  Sin administración     Ubicado en un punto estratégico de la 84 para opción de vivienda o comercial."
MQ-23769-M7006504,Metrocuadrado,"Apartamento en Arriendo, El Tabor, Barranquilla",Apartamento,1410000,0,1410000,21692,El Tabor,Noroccidente,"El Tabor, Barranquilla",65.0,2,2,0,5,https://www.metrocuadrado.com/inmueble/arriendo-apartamento-barranquilla-el-poblado-2-habitaciones-2-banos/23769-M7006504,3163344763,573163344763,Inmobiliaria,GINA DEL SOCORRO BARRAZA SANJUAN,12,https://multimedia.metrocuadrado.com/23769-M7006504/23769-M7006504_1.jpg,True,"SE ARRIENDA APARTAMENTO PARA ESTRENAR, EXCELENTE UBICACION COMERCIAL Y RESIDENCIAL. CON SU DISTRIBUCION HACEN DE ESTE ESPACIO TRANQUILO Y DISCRETO PARA LAS HABITACIONES DE SUS RESIDENTES. CON DISEÑO PARA FAMILIAS PEQUEÑAS, HACEN DE ESTE LUGAR UN ATRACTIVO PARA QUIENES BUSCAN UNA VIDA DE DESCANSO.  E"
MERGED-MC6960345-193344726,Metrocuadrado + Finca Raiz,"Apartamento en Arriendo, ALTO PRADO   Noroccidente, Barranquilla",Apartamento,1000000,424000,1424000,27922,Alto Prado,Noroccidente,"Alto Prado, Barranquilla",51.0,1,1,1,5,https://www.metrocuadrado.com/inmueble/arriendo-apartamento-barranquilla-altos-del-prado-1-habitaciones-1-banos-1-garajes/MC6960345,3214261936,573214261936,Certain Pezzano / Persona natural,Jorge Jorge,25,https://multimedia.metrocuadrado.com/MC6960345/MC6960345_31.jpg,True,"Apartamento en quinto piso con ascensor, iluminado y ventilado. Balcón exterior con malla protectora. Cuenta con baño y cocina remodelados recientemente con acabados de lujo. Una habitación espaciosa con clóset amplio y baño interno. Espacio abierto de sala-comedor y cocina americana. Cuarto de labo"
FR-194056423,Finca Raiz,"Apartamento en Arriendo en Ciudad jardin, Barranquilla",Apartamento,1430000,0,1430000,34878,Ciudad jardin,Norte,"Calle 79b #42F-158, Las Mercedes, Barranquilla, Atlantico, Colombia",41.0,1,1,1,4,https://www.fincaraiz.com.co/apartamento-en-arriendo-en-ciudad-jardin-barranquilla/194056423,+5731,,Fabiola Rueda,Fabiola Rueda,8,https://cdn2.infocasas.com.uy/repo/img/6a6be7703937a_infocdn__trkuvcohv8b7a7hbntinvbdhgwwiatzpqpih7qq3jpg.jpg,True,"Acogedor apartamento de una habitación ubicado en el sexto piso de un edificio con vista a la ciudad. Cuenta con una habitación, un baño, área de sala comedor, área de labores, cocina dotada con mesa pantry y citofonia. El edificio cuenta con ascensor, vigilancia 24h, gimnasio, salón social, terraza"
MERGED-16396-M7105816-193995733,Metrocuadrado + Finca Raiz,"Apartamento en Arriendo en Miramar, Barranquilla",Apartamento,1256300,233700,1490000,29800,Miramar,Noroccidente,"Edificio Residencial Firenze, Carrera 42F #99A-46, Norte Centro Historico, Barranquilla, Atlántico, Colombia",50.0,2,2,1,4,https://www.metrocuadrado.com/inmueble/arriendo-apartamento-barranquilla-miramar-2-habitaciones-2-banos/16396-M7105816,3104349096,573104349096,Inmobiliaria / oscar m tapias u,ABRAHAM EDUARDO GARCIA CHAVEZ,20,https://multimedia.metrocuadrado.com/16396-M7105816/16396-M7105816_21.jpg,True,"Firenze Apartamento Arriendo Miramar Barranquilla - Consta de 47,80mt2 - tiene sus 2dos alcobas, con sus persianas y closets, una de las alcobas tiene ademas un aire acondicionado, la vista es relativamente es abierta no tiene invasion visual de otras torres de apartamentos, dos2 baños familiares co"
MQ-MC7068323,Metrocuadrado,"Apartamento en Arriendo, ANDALUCIA   Noroccidente, Barranquilla",Apartamento,1180000,313000,1493000,33178,Andalucia,Noroccidente,"Andalucia, Barranquilla",45.0,1,1,1,5,https://www.metrocuadrado.com/inmueble/arriendo-apartamento-barranquilla-andalucia-1-habitaciones-1-banos-1-garajes/MC7068323,3027137754,573027137754,Persona natural,ALEJANDRA  ORTEGA,12,https://multimedia.metrocuadrado.com/MC7068323/MC7068323_1.jpg,True,"Hermoso Apartamento de una alcoba, estancias separadas, acabados de lujo, fresco, iluminado balcón amplio con vista, NO AMOBLADO. Frente complejo deportivo y Parque Tívoli, mejor zona estrato 5 de Barranquilla, a pocas cuadras de C.Cial. Plaza del Parque, Boulevard Buenavista.  CANON   ADMÓN. NO NEG"
MERGED-9851-M6804923-194296042,Metrocuadrado + Finca Raiz,"Apartamento en Arriendo en Ciudad Mallorquin, Barranquilla",Apartamento,1331600,167400,1499000,23062,Ciudad Mallorquin,Noroccidente,"Conjunto Manglar - Ciudad Mallorquín, Ciudad Mallorquín, Carrera 22, Sabanilla Montecarmelo, Barranquilla, Atlántico, Colombia",65.0,2,2,1,4,https://www.metrocuadrado.com/inmueble/arriendo-apartamento-barranquilla-ciudad-mallorquin-2-habitaciones-2-banos/9851-M6804923,6053303333,573176969321,ARIZA & CORREA / ARIZA Y CORREA LTDA / Certain Pezzano / FINANCAR S.A / Inmobiliaria / PARRA PAEZ CONSTRUCTORA E INMOBILIARIA / Pilonieta Asociados Inmobiliaria,Asesor Comercial,352,https://multimedia.metrocuadrado.com/9851-M6804923/9851-M6804923_37.jpg,True,"Este hermoso apartamento para alquiler se encuentra ubicado en una de las zonas más privilegiadas de Ciudad Mallorquín, en Puerto Colombia, Atlántico, cerca de lugares turísticos y de interés. Con una vista panorámica inigualable y una urbanización cerrada que brinda seguridad y tranquilidad a sus r"
MQ-2398-M7017169,Metrocuadrado,"Apartamento en Arriendo, Villa Carolina, Barranquilla",Apartamento,1500000,0,1500000,15789,Villa Carolina,Norte,"Villa Carolina, Barranquilla",95.0,3,2,0,4,https://www.metrocuadrado.com/inmueble/arriendo-apartamento-barranquilla-villa-carolina-3-habitaciones-2-banos/2398-M7017169,6052517194,573169571403,INURBANAS S.A.S.,Asesor Comercial,12,https://multimedia.metrocuadrado.com/2398-M7017169/2398-M7017169_27.jpg,True,"APARTAMENTO EN PISO 2, UBICADO FRENTE AL PARQUE EL LIMONCITO, UNA UBICACIÓN IDEAL PARA QUIENES VALORAN LA CERCANÍA A ESPACIOS ABIERTOS Y UN ENTORNO AGRADABLE. CUENTA CON ACCESO INDEPENDIENTE, BRINDANDO MAYOR PRIVACIDAD.  CONSTA DE 3 ALCOBAS, 2 BAÑOS, SALA-COMEDOR, COCINA TRADICIONAL Y ÁREA DE LABORE"
MERGED-671-M5980193-192724791,Metrocuadrado + Finca Raiz,"Apartamento en Arriendo en La cumbre, Barranquilla",Apartamento,1500000,0,1500000,16667,La Cumbre,Noroccidente,CARRERA 42G # 90 - 45 APTO 201 PISO 2,90.0,3,1,0,4,https://www.metrocuadrado.com/inmueble/arriendo-apartamento-barranquilla-la-cumbre-3-habitaciones-1-banos/671-M5980193,3104736731,573160232662,Grupo Arenas / Inmobiliaria,Agencia Arenas Arenas,26,https://multimedia.metrocuadrado.com/671-M5980193/671-M5980193_15.jpg,True,"Apartamento en Arriendo en la ciudad de Barranquilla ubicado en el barrio la cumbre, con un área aproximada de 90 mt2 , distribuidos en 3 habitaciones, 1 baño, cocina tradicional, zona de labores, buena distribución en sus áreas, es fresco y acogedor, su entorno es tranquilo, residencial con cómodas"
MERGED-671-M5980205-192724813,Metrocuadrado + Finca Raiz,"Apartamento en Arriendo en La cumbre, Barranquilla",Apartamento,1500000,0,1500000,18750,La Cumbre,Noroccidente,CARRERA 42G # 90 - 45 APTO 202 PISO 2,80.0,2,1,0,4,https://www.metrocuadrado.com/inmueble/arriendo-apartamento-barranquilla-la-cumbre-2-habitaciones-1-banos/671-M5980205,3104736731,573160232662,Grupo Arenas / Inmobiliaria,Agencia Arenas Arenas,24,https://multimedia.metrocuadrado.com/671-M5980205/671-M5980205_13.jpg,True,"Apartamento en Arriendo en la ciudad de Barranquilla ubicado en el barrio la cumbre, con un área aproximada de 80 mt2 , distribuidos en 2 habitaciones, 1 baño, cocina tradicional, zona de labores, buena distribución en sus áreas, es fresco y acogedor, su entorno es tranquilo, residencial con cómodas"
FR-10317090,Finca Raiz,"Apartamento en arriendo en Villa santos, Barranquilla",Apartamento,1500000,0,1500000,21429,Villa santos,Noroccidente,"Calle 90 #49c-149, Riomar, Barranquilla, Atlántico, Colombia",70.0,2,1,1,5,https://www.fincaraiz.com.co/apartamento-en-arriendo-en-villa-santos-barranquilla/10317090,+5731,,INMOBILIARIA SOE BARRANQUILLA S.A.S,INMOBILIARIA SOE BARRANQUILLA S.A.S,7,https://s3.amazonaws.com/static-prod-asset.fincaraiz.com.co/site/fincaraiz_service/media/listing/9142af2d-f362-4dc6-9c83-f02e93737fdc/photos/9142af2d-f362-4dc6-9c83-f02e93737fdc_1_True_c7ba56a8-110f-4632-a832-af4a5fcd9c37.jpg#HASTH,False,"Apartamento en  Arriendo ubicado en Villa Santos  ,cuenta con Hall de acceso ,sala comedor ,estar de tv, hall de alcobas ,dos habitaciones ,un baño ,cocina integral con mesón en acero inoxidable ,pisos en granito  ,zona de ropas ,en conjunto cerrado , zonas verdes , bien ubicado y fresco , Vigilanci"
MQ-13957-M6731851,Metrocuadrado,"Apartamento en Arriendo, Miramar, Barranquilla",Apartamento,1500000,0,1500000,26316,Miramar,Noroccidente,"Miramar, Barranquilla",57.0,2,2,0,4,https://www.metrocuadrado.com/inmueble/arriendo-apartamento-barranquilla-miramar-2-habitaciones-2-banos/13957-M6731851,3241000089,573014726883,CONINSA RAMON H. S.A.,Asesor Comercial,12,https://multimedia.metrocuadrado.com/13957-M6731851/13957-M6731851_289.jpg,True,"Estrene un hogar moderno con una ubicación privilegiada en este apartamento en arriendo en Miramar, Barranquilla. este cotizado sector del norte de la ciudad destaca por su excelente seguridad, brisa constante y cercanía estratégica al centro comercial Miramar, almacenes de cadena, colegios y amplia"
FR-193288394,Finca Raiz,"Apartamento en Arriendo en El tabor, Barranquilla",Apartamento,1500000,0,1500000,27778,El tabor,Norte,CRA 42F 99A-46,54.0,2,2,1,4,https://www.fincaraiz.com.co/apartamento-en-arriendo-en-el-tabor-barranquilla/193288394,+5730,,BODEGAS Y ESPACIOS INVERSIONES,BODEGAS Y ESPACIOS INVERSIONES,12,https://cdn2.infocasas.com.uy/repo/img/6aa8c308a19a1_infocdn__gr157160120260119104321jpeg.jpeg,True,"SE ARRIENDA EXCELENTE APTO DE DOS HABITACIONES ,SALA COMEDOR, COCINA INTEGRAL,DOS BAÑOS , CLOSETH EN LAS DOS HABITACIOBES ,DIVISIONES DE BAÑOS, EL CONJUNTO CUENTA CON UNA EXCELENTE ZONA SOCIAL CON PISCINA ,CANCHA, LUGAR DE DESCANSO Y EXPARCIMIENTO EN UNA DE LAS ZONAS MAS TRANQUILAS DE MIRAMAR."
MQ-23829-M7108383,Metrocuadrado,"Apartamento en Arriendo, Villa Carolina, Barranquilla",Apartamento,1550000,0,1550000,20946,Villa Carolina,Norte,"Villa Carolina, Barranquilla",74.0,3,2,1,4,https://www.metrocuadrado.com/inmueble/arriendo-apartamento-barranquilla-villa-carolina-3-habitaciones-2-banos-1-garajes/23829-M7108383,3235005890,573235005890,Inmobiliaria / SALES INMOBILIARIA,EDGAR ALEXANDER CARREÑO SILVERA,24,https://multimedia.metrocuadrado.com/23829-M7108383/23829-M7108383_21.jpg,True,"Apartamento en arriendo en la ciudad de Barranquilla ubicado en el barrio villa carolina, el apto cuenta con un área aproximada de 74 metros cuadrados distribuidos en tres habitaciones y dos baños, uno esta en la habitación principal, el apto cuenta con parqueadero asignado, es fresco acogedor y un "
MERGED-19706-M6986535-194073839,Metrocuadrado + Finca Raiz,"Apartamento en Arriendo en Ciudad Mallorquin, Barranquilla",Apartamento,1550000,0,1550000,25833,Ciudad Mallorquin,Noroccidente,PALMAR DE LA CIENAGA torre 4 apto 507,60.0,3,2,0,3,https://www.metrocuadrado.com/inmueble/arriendo-apartamento-barranquilla-ciudad-mallorquin-3-habitaciones-2-banos/19706-M6986535,6053461662,573003174876,Grupo Inmobiliario Hold House SAS / ITALOS FINANCIAL GROUP / Inmobiliaria,HUGO ERNESTO JIMENEZ VIEIRA,31,https://multimedia.metrocuadrado.com/19706-M6986535/19706-M6986535_9.jpg,True,"? Apartamento en arriendo en Mallorquín  ✨ Disfruta de vivir en una zona moderna, tranquila y con gran proyección de valorización. Este cómodo apartamento cuenta con espacios funcionales, excelente iluminación y una distribución ideal para disfrutar en familia o en pareja.  ? Ubicado en Mallorquín, "
MQ-22682-M6607339,Metrocuadrado,"Apartamento en Arriendo, La Cumbre, Barranquilla",Apartamento,1600000,0,1600000,23881,La Cumbre,Noroccidente,"La Cumbre, Barranquilla",67.0,2,1,1,4,https://www.metrocuadrado.com/inmueble/arriendo-apartamento-barranquilla-la-cumbre-2-habitaciones-1-banos-1-garajes/22682-M6607339,3180182044,573178020627,Inmobiliaria,JULIAN FERNANDO BARCENAS VARGAS,11,https://multimedia.metrocuadrado.com/22682-M6607339/22682-M6607339_23.jpg,True,"Descubre este elegante apartamento en zona residencial, con 2 habitaciones, 1 baño y 1 parqueadero independiente. Disfruta de su iluminación natural, sala-comedor, cocina integral, zona de ropas y piso en porcelanato. Ubicado en conjunto cerrado con vigilancia 7x12, zonas verdes y parqueadero para m"
MQ-14392-M5997851,Metrocuadrado,"Apartamento en Arriendo, Barranquilla Ciudad De Mallorquin, Barranquilla",Apartamento,1414700,185300,1600000,28070,Ciudad de Mallorquin,Noroccidente,"Ciudad de Mallorquin, Barranquilla",57.0,2,2,0,3,https://www.metrocuadrado.com/inmueble/arriendo-apartamento-barranquilla-ciudad-de-mallorquin-2-habitaciones-2-banos/14392-M5997851,3155305035,573155305035,FINANZAL S.A. / Inmobiliaria,MARIA ISABEL OSPINA HENRÍQUEZ,39,https://multimedia.metrocuadrado.com/14392-M5997851/14392-M5997851_62.jpg,True,"Descubre la comodidad y tranquilidad que te ofrece este moderno apartamento ubicado en una de las zonas más exclusivas de la ciudad de Mallorquin. Con un área total de 57.0 metros cuadrados, este inmueble cuenta con una distribución inteligente y funcional, lo que lo convierte en una excelente opció"
MQ-9851-M6353021,Metrocuadrado,"Apartamento en Arriendo, Alto Prado, Barranquilla",Apartamento,1100000,500000,1600000,31373,Alto Prado,Norte,"Alto Prado, Barranquilla",51.0,1,1,1,5,https://www.metrocuadrado.com/inmueble/arriendo-apartamento-barranquilla-alto-prado-1-habitaciones-1-banos-1-garajes/9851-M6353021,6053303333,573176969321,FINANCAR S.A,Asesor Comercial,9,https://multimedia.metrocuadrado.com/9851-M6353021/9851-M6353021_10.jpg,True,"Apartamento de 51 m² en el norte de Barranquilla, perfecto para solteros, parejas jóvenes o inversionistas que buscan rentabilidad en una zona de alta demanda espacio funcional con sala-comedor integrada, cocina abierta tipo americana equipada con acabados modernos, zona de ropas práctica, una alcob"
MQ-2398-M5986410,Metrocuadrado,"Apartamento en Arriendo, Paraiso, Barranquilla",Apartamento,1600000,0,1600000,40000,Paraiso,Norte,"Paraiso, Barranquilla",40.0,2,1,0,4,https://www.metrocuadrado.com/inmueble/arriendo-apartamento-barranquilla-paraiso-2-habitaciones-1-banos/2398-M5986410,6052517194,573169571403,INURBANAS S.A.S.,Asesor Comercial,7,https://multimedia.metrocuadrado.com/2398-M5986410/2398-M5986410_15.jpg,True,"¡OPORTUNIDAD! COCINA OCULTA CON APARTAMENTO PARA EMPLEADOS, IDEAL PARA NEGOCIO DE COMIDAS POR DOMICILIO, PUNTO ESTRATÉGICO CON COVERTURA EN ZONA NORTE Y CENTRO, EL APARTAMENTO CUENTA CON 2 ALCOBAS Y UN BAÑO. CÓDIGO INTERNO 14974."
MQ-13957-M6755686,Metrocuadrado,"Apartamento en Arriendo, La Cumbre, Barranquilla",Apartamento,1600000,0,1600000,53333,La Cumbre,Noroccidente,"La Cumbre, Barranquilla",30.0,1,1,1,4,https://www.metrocuadrado.com/inmueble/arriendo-apartamento-barranquilla-la-cumbre-1-habitaciones-1-banos-1-garajes/13957-M6755686,3241000082,573014726883,CONINSA RAMON H. S.A.,Asesor Comercial,12,https://multimedia.metrocuadrado.com/13957-M6755686/13957-M6755686_425.jpg,True,APARTAMENTO 1 PRIMER PISO Canon mensual $1.600.000 Amoblado   Sala comedor con sofá Cocina con nevera y microondas 1 habitación 2 camas Aire acondicionado Abanico TV Clóset Baño independiente 2 escritorios  INCLUYE SERVICIOS PUBLICOS
MQ-19116-M7011580,Metrocuadrado,"Apartamento en Arriendo, EL TABOR, Barranquilla",Apartamento,1600000,40000,1640000,20000,El Tabor,Noroccidente,"El Tabor, Barranquilla",82.0,3,2,1,4,https://www.metrocuadrado.com/inmueble/arriendo-apartamento-barranquilla-el-tabor-3-habitaciones-2-banos-1-garajes/19116-M7011580,3147112399,573147112399,Inmobiliaria,IVAN JOSE BERNAL PIÑA,12,https://multimedia.metrocuadrado.com/19116-M7011580/19116-M7011580_19.jpg,True,"Esta encantadora propiedad ubicada en el histórico sector de El Tabor en Barranquilla, ofrece la oportunidad de disfrutar de un acogedor apartamento REMODELADO y con la administración incluida, con un área de 82 m2, piso 3 acceso por escaleras con descanso, lado sombra, fresco y acogedor, consta de "
MQ-9851-M5512547,Metrocuadrado,"Apartamento en Arriendo, Paraiso, Barranquilla",Apartamento,1321000,329000,1650000,19412,Paraiso,Norte,"Paraiso, Barranquilla",85.0,2,2,1,4,https://www.metrocuadrado.com/inmueble/arriendo-apartamento-barranquilla-paraiso-2-habitaciones-2-banos-1-garajes/9851-M5512547,6053303333,573176969321,FINANCAR S.A,Asesor Comercial,12,https://multimedia.metrocuadrado.com/9851-M5512547/9851-M5512547_13.jpg,True,"Cómodo apartamento, fresco, bien iluminado, cocina semi-integral cerrada con sus respectivos muebles, estufa y campana y tiene estudio que puede habilitarse como habitación adicional. excelente ubicación en sector residencial, tranquilo y seguro. cerca a bancos, supermercados, éxito de la 77, puerta"
FR-193911578,Finca Raiz,"Apartamento en Arriendo en El porvenir, Barranquilla",Apartamento,1650000,0,1650000,19412,El porvenir,Norte,Calle 82 #43 -18,85.0,2,1,1,4,https://www.fincaraiz.com.co/apartamento-en-arriendo-en-el-porvenir-barranquilla/193911578,36819,,ASESORAR INMOBILIARIA DEL CARIBE S.A.S,ASESORAR INMOBILIARIA DEL CARIBE S.A.S,10,https://cdn2.infocasas.com.uy/repo/img/6a3c354a1d51d_infocdn__96862-6-69322897jpeg.jpeg,True,"e arrienda apto en exclusivo sector de la ciudad ubicado en el barrio el porvenir consta de 2 amplias habitaciones,1 baños , cocina integral equipada, sala comedor amplia, estudio, áreas de labores, el apto cuanta con fácil vías de acceso cerca a supermercados, vías principales y universidades ven y"
MQ-MC6892086,Metrocuadrado,"Apartamento en Arriendo, CIUDAD MALLORQUIN   Zona Urbana, Barranquilla",Apartamento,1400000,280000,1680000,28966,Ciudad Mallorquin Zona Urbana,Noroccidente,"Ciudad Mallorquin Zona Urbana, Barranquilla",58.0,2,2,1,4,https://www.metrocuadrado.com/inmueble/arriendo-apartamento-barranquilla-ciudad-jardin-2-habitaciones-2-banos-1-garajes/MC6892086,3015992098,573015992098,Persona natural,Karol Peñuela Villarreal,12,https://multimedia.metrocuadrado.com/MC6892086/MC6892086_1.jpg,True,"ARRIENDO APARTAMENTO MODERNO - CIUDAD MALLORQUIN - AIRES ACONDICIONADOS INCLUIDOS.  Se arrienda moderno apartamento - 1707, Torre 1, en el conjunto residencial Amore. Cuenta con excelente iluminación natural, agradables vistas y espacios cómodos, ideales para una pareja o una familia.  El apartament"
FR-192126512,Finca Raiz,"Apartamento en Arriendo en Villa carolina, Barranquilla",Apartamento,1700000,0,1700000,17000,Villa carolina,Noroccidente,CARRERA 75A 86B- 39,100.0,0,1,0,4,https://www.fincaraiz.com.co/apartamento-en-arriendo-en-villa-carolina-barranquilla/192126512,32055,,Cherenek SAS,Cherenek SAS,17,https://cdn2.infocasas.com.uy/repo/img/67f94f828addb_infocdn__ff38b5de-1490-4cd2-a1f2-11dda839015d.jpeg,True,"apartamento tipo casa en segundo piso con garaje , ubicado en el barrio Villa carolina,  de la ciudad de Barranquilla, cuenta con un área de 100m2,  3 alcobas, 3 baños, sala-comedor, cocina tradicional, hall de alcobas y área de labores y cuarto del servicio. El edificio cuenta con acceso a parquead"
FR-193845001,Finca Raiz,"Apartamento en Arriendo en Altos del limon, Barranquilla",Apartamento,1700000,0,1700000,20000,Altos del limon,Noroccidente,CARRERA 51B   94- 160,85.0,3,2,0,4,https://www.fincaraiz.com.co/apartamento-en-arriendo-en-altos-del-limon-barranquilla/193845001,+5731,,ARIZA & CORREA,ARIZA & CORREA,20,https://cdn2.infocasas.com.uy/repo/img/6aa0380e3b3bc_infocdn__1ed1373e-f501-4830-8916-06d7fa54e3ef.jpeg,True,"Apartamento amplio, iluminado y con excelente ubicación cerca a centros comerciales, instituciones educativas y hospitales. ***"
MQ-MC3066724,Metrocuadrado,"Apartamento en Arriendo, ALTOS DE RIOMAR   Noroccidente, Barranquilla",Apartamento,1700000,0,1700000,21795,Altos de Riomar,Noroccidente,"Altos de Riomar, Barranquilla",78.0,2,2,1,5,https://www.metrocuadrado.com/inmueble/arriendo-apartamento-barranquilla-altos-de-riomar-2-habitaciones-2-banos-1-garajes/MC3066724,3126197285,573126197285,Persona natural,FELIPE DE LA CRUZ,9,https://multimedia.metrocuadrado.com/MC3066724/MC3066724_6.jpg,True,"Apartamento 78m2, tercer piso, dos habitaciones, dos baños, sala, comedor, cocina, cuarto de servicio con baño. Un parqueadero privado"
MQ-2398-M5404048,Metrocuadrado,"Apartamento en Arriendo, Paraiso, Barranquilla",Apartamento,1700000,0,1700000,24286,Paraiso,Norte,"Paraiso, Barranquilla",70.0,2,1,1,4,https://www.metrocuadrado.com/inmueble/arriendo-apartamento-barranquilla-paraiso-2-habitaciones-1-banos-1-garajes/2398-M5404048,6052517194,573169571403,INURBANAS S.A.S.,Asesor Comercial,12,https://multimedia.metrocuadrado.com/2398-M5404048/2398-M5404048_53.jpg,True,"CÓDIGO INTERNO 20042 - CANON INCLUYE ADMINISTRACIÓN. APARTAMENTO CONSTA DE 2 ALCOBAS, 1 BAÑO, SALA COMEDOR, COCINA SEMI INTEGRAL, ÁREA DE LABORES, BALCÓN, PISO EN PORCELANATO Y GARAJE. EN CERCANÍAS DE VÍAS PRINCIPALES, PARQUES, COLEGIOS, SUPERMERCADOS, RESTAURANTES, TRANSPORTE PÚBLICO E IGLESIAS."
MERGED-13957-M7032169-194172390,Metrocuadrado + Finca Raiz,"Apartamento en Arriendo en Miramar, Barranquilla",Apartamento,1450000,250000,1700000,27869,Miramar,Noroccidente,"Conjunto Residencial Torino, Calle 102, Norte Centro Historico, Barranquilla, Atlántico, Colombia",61.0,3,2,4,4,https://www.metrocuadrado.com/inmueble/arriendo-apartamento-barranquilla-miramar-3-habitaciones-2-banos-4-garajes/13957-M7032169,3241000082,573014726883,CONINSA RAMON H. S.A. / INMOBILIARIA URBAFINCAS S.A.S / Inmobiliaria / Nova Inmobiliaria,Asesor Comercial,90,https://multimedia.metrocuadrado.com/13957-M7032169/13957-M7032169_15.jpg,True,"En el corazón de Barranquilla, en la vibrante Zona Norte del Centro Histórico, se encuentra este moderno apartamento en arriendo, construido en 2024, que representa una excelente opción para quienes buscan un espacio funcional y acogedor. Situado en el barrio Miramar, este inmueble no solo ofrece un"
FR-193714110,Finca Raiz,"Apartamento en Arriendo en El prado, Barranquilla",Apartamento,1201000,499000,1700000,27869,El prado,Norte,Carrera 50 # 76 - 54,61.0,2,1,1,5,https://www.fincaraiz.com.co/apartamento-en-arriendo-en-el-prado-barranquilla/193714110,+5732,,Certain Pezzano / Grupo Arenas,Certain Pezzano,27,https://cdn2.infocasas.com.uy/repo/img/6abd6c19b7a81_infocdn__698-2-1785160010jpg.jpg,True,"Descubre este acogedor apartamento en el corazón de El Prado, una de las zonas más emblemáticas de Barranquilla. Con un área de 60 m², este espacio es ideal para quienes buscan un hogar en un entorno vibrante y lleno de historia. Construido en 2008, el inmueble se encuentra en un estrato 5, lo que g"
MQ-130-M7017598,Metrocuadrado,"Apartamento en Arriendo, Alto Prado, Barranquilla",Apartamento,1430000,270000,1700000,28333,Alto Prado,Norte,"Alto Prado, Barranquilla",60.0,1,1,1,5,https://www.metrocuadrado.com/inmueble/arriendo-apartamento-barranquilla-alto-prado-1-habitaciones-1-banos-1-garajes/130-M7017598,3203509099,573124639876,FINANCAR S.A / Inmobiliaria,ALIADOS INMOBILIARIOS,24,https://multimedia.metrocuadrado.com/130-M7017598/130-M7017598_49.jpg,True,"Apartamento de 60 m², con una distribución funcional y espacios cómodos. Cuenta con 1 alcoba y un estudio amplio y cerrado, que puede adaptarse como una segunda habitación según las necesidades del propietario. Dispone además de sala-comedor, cocina integral, balcón, clóset, piso en cerámica y vista"
MERGED-13957-M6814606-194152591,Metrocuadrado + Finca Raiz,"Apartamento en Arriendo en Paraiso, Barranquilla",Apartamento,1464000,236000,1700000,28333,Paraiso,Norte,Carrera 75 # 78 - 54 Conjunto PARAISO CARIBE Torre 10 Apto 301,60.0,2,2,1,5,https://www.metrocuadrado.com/inmueble/arriendo-apartamento-barranquilla-paraiso-2-habitaciones-2-banos/13957-M6814606,3241000089,573014726883,CONINSA RAMON H. S.A. / Grupo Arenas / Inmobiliaria,Asesor Comercial,61,https://multimedia.metrocuadrado.com/13957-M6814606/13957-M6814606_211.jpg,True,"En el corazón de Barranquilla, en la vibrante Zona Norte del Centro Histórico, se erige un moderno apartamento en el barrio Paraíso, diseñado para aquellos que buscan una inversión con un alto potencial comercial. Este inmueble, construido en 2024, se encuentra en un estrato 4, lo que lo convierte e"
MERGED-2171-M6654509-193978495,Metrocuadrado + Finca Raiz,"Apartamento en Arriendo en Andalucia, Barranquilla",Apartamento,1380000,320000,1700000,33912,Andalucia,Noroccidente,"Andalucia, Barranquilla",50.13,1,1,1,5,https://www.metrocuadrado.com/inmueble/arriendo-apartamento-barranquilla-andalucia-1-habitaciones-1-banos-1-garajes/2171-M6654509,3367500,573183414013,CERTAIN & PEZZANO GRUPO INMOBILIARIO S.A.S. / Certain Pezzano / SALES INMOBILIARIA,Asesor Comercial,33,https://multimedia.metrocuadrado.com/2171-M6654509/2171-M6654509_12.jpg,True,"Descubre este moderno apartamento 50.13M2, 1 habitacion,  1 baño, 1 parqueadero, en la codiciada Zona Riomar de Barranquilla, un lugar que combina comodidad, estilo en un solo espacio. Construido en 2019, este inmueble de estrato 4 ofrece un ambiente ideal para quienes buscan un hogar funcional y ac"
MQ-671-M6311004,Metrocuadrado,"Apartamento en Arriendo, La Cumbre, Barranquilla",Apartamento,1700000,0,1700000,34000,La Cumbre,Noroccidente,"La Cumbre, Barranquilla",50.0,1,1,0,4,https://www.metrocuadrado.com/inmueble/arriendo-apartamento-barranquilla-la-cumbre-1-habitaciones-1-banos/671-M6311004,3104736731,573160232662,Inmobiliaria,Agencia Arenas Arenas,23,https://multimedia.metrocuadrado.com/671-M6311004/671-M6311004_44.jpg,True,"Apartamento para estrenar en Arriendo en la ciudad de Barranquilla ubicado en el barrio la cumbre, con un área aproximada de 50 mt2 , distribuidos en 1 habitación, 1 baño, cocina, zona de labores, sala-comedor, buena distribución en sus áreas, es fresco y acogedor, su entorno es tranquilo, residenci"
MQ-MC6883526,Metrocuadrado,"Apartamento en Arriendo, CIUDAD MALLORQUIN   Zona Urbana, Barranquilla",Apartamento,1515000,185000,1700000,34694,Ciudad Mallorquin Zona Urbana,Noroccidente,"Ciudad Mallorquin Zona Urbana, Barranquilla",49.0,3,2,1,3,https://www.metrocuadrado.com/inmueble/arriendo-apartamento-barranquilla-ub.-san-marino-3-habitaciones-2-banos-1-garajes/MC6883526,3015017795,573015017795,EM GLOBAL SOLUTION SAS ARRIENDOS,Asesor Comercial,12,https://multimedia.metrocuadrado.com/MC6883526/MC6883526_1.jpg,True,"¡Estrena apartamento en Ciudad Mallorquín! diseñado para tu máximo confort, este moderno espacio de 56m² ubicado en sombra cuenta con 3 habitaciones con closets, blackouts, 2 aires inverter de alta eficiencia, 2 baños, cocina integral, estufa, campana, zona de labores, Sala comedor. La propiedad des"
MQ-13957-M6993621,Metrocuadrado,"Apartamento en Arriendo, San Vicente, Barranquilla",Apartamento,1305909,394091,1700000,36170,San Vicente,Norte,"San Vicente, Barranquilla",47.0,1,1,1,5,https://www.metrocuadrado.com/inmueble/arriendo-apartamento-barranquilla-san-vicente-1-habitaciones-1-banos/13957-M6993621,3241000082,573014726883,CONINSA RAMON H. S.A. / FINANCAR S.A / Inmobiliaria Mchaileh,Asesor Comercial,30,https://multimedia.metrocuadrado.com/13957-M6993621/13957-M6993621_12.jpg,True,"CONINSA ARRIENDA  Apartaestudio de 41 metos ubicado en el Edificio Soho 85, en el norte de Barranquilla. Se encuentra en un cuarto piso y cuenta con balcón, parqueadero privado y espacios funcionales que brindan comodidad y tranquilidad. El edificio ofrece excelentes amenidades para sus residentes. "
FR-193895787,Finca Raiz,"Apartamento en Arriendo en Riomar, Barranquilla",Apartamento,1700000,0,1700000,42500,Riomar,Noroccidente,CR 47 # 85-53 AP 407 B,40.0,1,2,1,5,https://www.fincaraiz.com.co/apartamento-en-arriendo-en-riomar-barranquilla/193895787,+5731,,Coninsa Inmobiliaria,Coninsa Inmobiliaria,11,https://cdn2.infocasas.com.uy/repo/img/6ab31389cfd32_infocdn__96020-1-1783042060-1jpg.jpg,True,"Este apartaestudio de 40 mt2 tiene todo lo que necesitas para vivir con comodidad y estatus en el norte de la ciudad. Lo mejor de este inmueble: Su distribución inteligente y contar con parqueadero propio bajo techo, protegiendo tu vehículo del sol barranquillero. Que tienes cerca Todo Los mejores g"
MQ-2398-M5859827,Metrocuadrado,"Apartamento en Arriendo, Riomar, Barranquilla",Apartamento,1708000,0,1708000,30500,Riomar,Noroccidente,"Riomar, Barranquilla",56.0,2,1,1,5,https://www.metrocuadrado.com/inmueble/arriendo-apartamento-barranquilla-andalucia-2-habitaciones-1-banos-1-garajes/2398-M5859827,6052517194,573169571403,INURBANAS S.A.S.,Asesor Comercial,12,https://multimedia.metrocuadrado.com/2398-M5859827/2398-M5859827_13.jpg,True,"CÓDIGO INTERNO 27207 - CANON INCLUYE ADMINISTRACIÓN. APARTAMENTO CONSTA DE 2 ALCOBAS, 1 BAÑO COMPLETO, SALA INDEPENDIENTE, SALA COMEDOR, COCINA SEMI INTEGRAL, CITÓFONO, PISO DE GRANITO Y LOZA DE CONCRETO. EL EDIFICIO CUENTA CON VIGILANCIA 12H, GARAJE CUBIERTO PROPIO Y SE ENCUENTRA UBICADO CERCA DE V"
MQ-13957-M7066013,Metrocuadrado,"Apartamento en Arriendo, San Vicente, Barranquilla",Apartamento,1400000,314000,1714000,24486,San Vicente,Norte,"San Vicente, Barranquilla",70.0,2,2,1,5,https://www.metrocuadrado.com/inmueble/arriendo-apartamento-barranquilla-san-vicente-2-habitaciones-2-banos/13957-M7066013,3241000082,573014726883,CONINSA RAMON H. S.A. / Inmobiliaria,Asesor Comercial,48,https://multimedia.metrocuadrado.com/13957-M7066013/13957-M7066013_41.jpg,True,"CONINSA ARRIENDA APARTAMENTO EN SAN VICENTE, ubicado en una zona estratégica y de alta demanda, cerca de importantes clínicas, centros médicos, consultorios, servicios de salud y del Centro Comercial Viva. El apartamento cuenta con un área de 67 metros, está ubicado en el piso 10 con ascensor y disp"
MERGED-9851-M7107253-192750440,Metrocuadrado + Finca Raiz,"Apartamento en Arriendo en El prado, Barranquilla",Apartamento,1510000,220000,1730000,20843,El Prado,Norte,"Carrera 60 # 64-63, San Francisco, Barranquilla, Atlántico, Colombia",83.0,2,1,1,4,https://www.metrocuadrado.com/inmueble/arriendo-apartamento-barranquilla-el-prado-2-habitaciones-1-banos-1-garajes/9851-M7107253,6053303333,573176969321,FINANCAR S.A / Samuel De Las Salas,Asesor Comercial,31,https://multimedia.metrocuadrado.com/9851-M7107253/9851-M7107253_13.jpg,True,"Apartamento cómodo, amplio y muy bien ubicado Se ofrece hermoso apartamento de 2 habitaciones y 1 baño, ideal para quienes buscan un espacio cómodo, funcional y tranquilo para vivir. La propiedad cuenta con una distribución agradable y espacios bien aprovechados, ofreciendo un ambiente acogedor para"
MQ-13957-M7000583,Metrocuadrado,"Apartamento en Arriendo, HORIZONTES DE MIRAMAR   Noroccidente, Barranquilla",Apartamento,1471400,284000,1755400,31916,Miramar,Noroccidente,"Horizontes de Miramar, Barranquilla",55.0,2,2,1,4,https://www.metrocuadrado.com/inmueble/arriendo-apartamento-barranquilla-miramar-2-habitaciones-2-banos/13957-M7000583,3241000082,573014726883,CONINSA RAMON H. S.A. / FINANCAR S.A / Persona natural,Asesor Comercial,57,https://multimedia.metrocuadrado.com/13957-M7000583/13957-M7000583_16.jpg,True,"ANUNCIO DE INMUEBLE EN EDIFICIO FLORENCIA  BARRIO MIRAMAR, BARRANQUILLA  Excelente oportunidad de vivienda o inversión en una de las zonas de mayor valorización y tranquilidad de Barranquilla. El Edificio Florencia se encuentra ubicado estratégicamente en el barrio Miramar, cerca de centros comercia"
MERGED-22304-M7103151-194043910,Metrocuadrado + Finca Raiz,"Apartamento en Arriendo en Miramar, Barranquilla",Apartamento,1510600,245400,1756000,25449,Miramar,Noroccidente,"Conjunto Residencial Torino, Calle 102, Norte Centro Historico, Barranquilla, Atlántico, Colombia",69.0,3,2,1,4,https://www.metrocuadrado.com/inmueble/arriendo-apartamento-barranquilla-conjunto-residencial-sorrento-3-habitaciones-2-banos-1-garajes/22304-M7103151,3213858997,573213858997,BIENCO INMOBILIARIA / CONINSA RAMON H. S.A. / FINANCAR S.A / Inmobiliaria / Inmobiliaria Y Constructoras R&C SAS / Issa Saieh Inmobiliaria / Pilonieta Asociados Inmobiliaria,MONICA LUCIA ORDOÑEZ IDARRAGA,116,https://multimedia.metrocuadrado.com/22304-M7103151/22304-M7103151_1.jpg,True,"Descubra este moderno apartamento ubicado en la prestigiosa zona de Riomar, en el barrio Miramar de Barranquilla, un área reconocida por su excelente calidad de vida y su cercanía a importantes centros comerciales, restaurantes y servicios. Construido en 2018, este inmueble de estrato 4 ofrece un di"
FR-191868864,Finca Raiz,"Apartamento en  Arriendo en El porvenir, Barranquilla",Apartamento,1500000,294700,1794700,35894,El porvenir,Norte,Carrera 44 # 84 - 126 Apto 804 Edificio VERONA,50.0,1,2,1,5,https://www.fincaraiz.com.co/apartamento-en-arriendo-en-el-porvenir-barranquilla/191868864,+5731,,Financar S.A.,Financar S.A.,29,https://cdn2.infocasas.com.uy/repo/img/6785239647fd1_infocdn__10066-1-1689273246-1jpg.jpg,True,"EXCELENTE APARTAMENTO, AMPLIO, FRESCO, COCINA INTEGRAL, BALCÓN. EL EDIFICIO CUENTA CON SALÓN SOCIAL. BUENA UBICACIÓN, CERCA DE RESTAURANTES."
MQ-671-M5382511,Metrocuadrado,"Apartamento en Arriendo, Los Alpes, Barranquilla",Apartamento,1800000,0,1800000,14138,Los Alpes,Noroccidente,"Los Alpes, Barranquilla",127.32,3,2,0,5,https://www.metrocuadrado.com/inmueble/arriendo-apartamento-barranquilla-los-alpes-3-habitaciones-2-banos/671-M5382511,3104736731,573160232662,Inmobiliaria,Agencia Arenas Arenas,12,https://multimedia.metrocuadrado.com/671-M5382511/671-M5382511_181.jpg,True,"Apartamento en arriendo en segundo piso, ubicado en Barranquilla sector del Barrio la cumbre , en edificio de construcción tradicional sin ascensor, la edificación cuenta con 2 pisos y el apartamento se encuentra en piso 2 ,con un área construida de 113.32 mt2 consta de 3 amplias habitaciones ,2 bañ"
MQ-MC7077701,Metrocuadrado,"Apartamento en Arriendo, EL TABOR   Noroccidente, Barranquilla",Apartamento,1800000,0,1800000,18557,El Tabor,Noroccidente,"El Tabor, Barranquilla",97.0,3,2,1,4,https://www.metrocuadrado.com/inmueble/arriendo-apartamento-barranquilla-el-tabor-3-habitaciones-2-banos-1-garajes/MC7077701,3226319872,573226319872,Persona natural,wilmer correa,12,https://multimedia.metrocuadrado.com/MC7077701/MC7077701_14.jpg,True,"Para mayor información escribanos vía WhatsApp y uno de nuestros agentes inmobiliarios te atenderá. Apartamento en arriendo en la ciudad de Barranquilla, ubicado en el barrio Rio Alto, en un edificio con vigilancia privada y zonas sociales de entretenimiento, piscina, zona infantil, gimnasio, piscin"
MERGED-12659-M6957719-194122261,Metrocuadrado + Finca Raiz,"Apartamento en Arriendo en Villa carolina, Barranquilla",Apartamento,1800000,0,1800000,21176,Villa Carolina,Norte,"Villa Carolina, Barranquilla",85.0,3,2,0,4,https://www.metrocuadrado.com/inmueble/arriendo-apartamento-barranquilla-villa-carolina-3-habitaciones-2-banos/12659-M6957719,3135890809,573125068767,CASARRIENDOS S.A.S. / CASARRIENDOS SAS,Asesor Comercial,25,https://multimedia.metrocuadrado.com/12659-M6957719/12659-M6957719_1.jpg,True,"Apartamento en arriendo en villa  Carolina, en segundo piso, cuenta con 3 habitaciones, 2 baños, cuarto del servicio, cocina tradicional equipada, sala comedor amplia, vista exterior.No tiene parqueadero."
FR-193846999,Finca Raiz,"Apartamento en Arriendo en Miramar, Barranquilla",Apartamento,1800000,0,1800000,22500,Miramar,Noroccidente,"Conjunto Residencial Portal de Miramar, Carrera 45, Norte Centro Historico, Barranquilla, Atlántico, Colombia",80.0,3,2,1,4,https://www.fincaraiz.com.co/apartamento-en-arriendo-en-miramar-barranquilla/193846999,+5730,,SISI BIENES RAICES S.A.S.,SISI BIENES RAICES S.A.S.,20,https://cdn2.infocasas.com.uy/repo/img/6a234582acead_infocdn__ji2plpa5pzch8jqoktr97rc5ggphkdkekp9722mhjpg.jpg,True,"Descubra la vida de sus sueños en este hermoso y espacioso apartamento, bañado en luz natural. Su diseño inteligente integra una sala y comedor amplios, una cocina moderna, área de labores y un balcón privado, perfecto para disfrutar de la brisa. Estratégicamente ubicado en el corazón del codiciado "
FR-193941825,Finca Raiz,"Apartamento en Arriendo en Villa carolina, Barranquilla",Apartamento,1800000,0,1800000,26087,Villa carolina,Noroccidente,Carrera 75A # 86B - 159,69.0,2,2,1,4,https://www.fincaraiz.com.co/apartamento-en-arriendo-en-villa-carolina-barranquilla/193941825,+5732,,Certain Pezzano,Certain Pezzano,14,https://cdn2.infocasas.com.uy/repo/img/6abdd24ab097b_infocdn__121513418-2-1784232335jpg.jpg,True,"Descubre este acogedor apartamento de 69 M2, 2 habitaciones, 2 baños en el corazón de Villa Carolina, una de las zonas más dinámicas de Barranquilla. Con un estrato 4, este inmueble construido en el año 2000 ofrece un espacio ideal para quienes buscan comodidad, funcionalidad en su día a día. Su ubi"
MQ-18260-M6430180,Metrocuadrado,"Apartamento en Arriendo, La Cumbre, Barranquilla",Apartamento,1515000,285000,1800000,26471,La Cumbre,Noroccidente,"La Cumbre, Barranquilla",68.0,2,1,1,4,https://www.metrocuadrado.com/inmueble/arriendo-apartamento-barranquilla-la-cumbre-2-habitaciones-1-banos-1-garajes/18260-M6430180,3157227537,573157227537,Inmobiliaria,ELIAS MOISES SAIEH  PACHECO,14,https://multimedia.metrocuadrado.com/18260-M6430180/18260-M6430180_1.jpg,True,"Apartamento en arriendo ubicado en el norte de la ciudad de barranquilla, en el sector la cumbre, el edificio con vigilancia, el edificio cuenta con 5 pisos y el apartamento se encuentra en piso 2, con un área aproximada de 67mt2 que constan de 2 amplias habitaciones, 1 baño auxiliar, buena distribu"
MQ-16553-M7085070,Metrocuadrado,"Apartamento en Arriendo, Paraiso, Barranquilla",Apartamento,1800000,0,1800000,30000,Paraiso,Norte,"Paraiso, Barranquilla",60.0,3,2,1,4,https://www.metrocuadrado.com/inmueble/arriendo-apartamento-barranquilla-paraiso-3-habitaciones-2-banos-1-garajes/16553-M7085070,3012924451,573012924451,Inmobiliaria,BENJAMIN BARRIOS MUNIVE,12,https://multimedia.metrocuadrado.com/16553-M7085070/16553-M7085070_14.jpg,True,"Se arrienda apartamento de 65 M2 para estrenar, Consta con sala comedor, cocina integral,3 habitaciones, 2 baños, baño en cuarto principal. El conjunto cuenta, con piscina, salón social, parqueadero, ascensor inteligente, zona infantil. Cerca de zona residencial, ruta de transporte publico."
MQ-23769-M7006577,Metrocuadrado,"Apartamento en Arriendo, Andalucia, Barranquilla",Apartamento,1800000,0,1800000,32727,Andalucia,Noroccidente,"Andalucia, Barranquilla",55.0,2,2,1,5,https://www.metrocuadrado.com/inmueble/arriendo-apartamento-barranquilla-andalucia-2-habitaciones-2-banos-1-garajes/23769-M7006577,3163344763,573163344763,Inmobiliaria,GINA DEL SOCORRO BARRAZA SANJUAN,9,https://multimedia.metrocuadrado.com/23769-M7006577/23769-M7006577_1.jpg,True,SE ARRIENDA MODERNO APARTAMENTO EN ANDALUCIA  ÁREA 55 MTS  2 HABITACIONES  2 BAÑOS  SALA   COMEDOR  COCINA  1 GARAJE  CODIGO PRESTIGIO 109-49
MQ-9851-M6918346,Metrocuadrado,"Apartamento en Arriendo, Paraiso, Barranquilla",Apartamento,1603200,250000,1853200,27253,Paraiso,Norte,"Paraiso, Barranquilla",68.0,3,2,1,4,https://www.metrocuadrado.com/inmueble/arriendo-apartamento-barranquilla-paraiso-3-habitaciones-2-banos-1-garajes/9851-M6918346,6053303333,573176969321,FINANCAR S.A,Asesor Comercial,12,https://multimedia.metrocuadrado.com/9851-M6918346/9851-M6918346_21.jpg,True,"EXCELENTE APARTAMENTO AMPLIO, FRESCO, BIEN ILUMINADO, CON MENOS DE UN AÑO DE ANTIGÜEDAD. CUENTA CON PISOS EN PORCELANATO, COCINA INTEGRAL ABIERTA Y DEPÓSITO. EL EDIFICIO OFRECE PISCINA, SALÓN SOCIAL, PARQUE INFANTIL, GIMNASIO. BUENA UBICACIÓN CERCA A CENTRO DE CONVENCIONES PUERTA DE ORO EN SECTOR DE"
MERGED-9851-M5572536-194252597,Metrocuadrado + Finca Raiz,"Apartamento en Arriendo en Villa carolina, Barranquilla",Apartamento,1600000,269500,1869500,34620,Villa Carolina,Norte,"Villa Carolina, Barranquilla",54.0,2,2,0,4,https://www.metrocuadrado.com/inmueble/arriendo-apartamento-barranquilla-villa-carolina-2-habitaciones-2-banos/9851-M5572536,6053303333,573176969321,ASESORAR INMOBILIARIA DEL CARIBE S.A.S / FINANCAR S.A / Inmobiliaria,Asesor Comercial,34,https://multimedia.metrocuadrado.com/9851-M5572536/9851-M5572536_111.jpg,True,"En Financar Inmobiliaria, entendemos que encontrar el hogar ideal es una experiencia única. Por eso, le ofrecemos este encantador apartamento, ubicado en una excelente zona, perfecto para quienes buscan comodidad, tranquilidad y un estilo de vida práctico. Este apartamento cuenta con dos amplias hab"
MERGED-MC6899105-194163965,Metrocuadrado + Finca Raiz,"Apartamento en Arriendo, ALTOS DE RIOMAR   Noroccidente, Barranquilla",Apartamento,1870000,0,1870000,38163,Altos de Riomar,Noroccidente,"Altos de Riomar, Barranquilla",49.0,1,1,1,5,https://www.metrocuadrado.com/inmueble/arriendo-apartamento-barranquilla-cr.-jardines-de-tivoli-1-habitaciones-1-banos-1-garajes/MC6899105,3006961214,573006961214,Aliados Inmobiliarios S.A / Persona natural,KOKY RIBON,20,https://multimedia.metrocuadrado.com/MC6899105/MC6899105_45.jpg,True,"Apartamento de 47.73 m², ubicado en Riomar, en una zona con fácil acceso a centros comerciales, universidades, supermercados y diferentes servicios. El inmueble cuenta con sala-comedor, una habitación con clóset, un baño, cocina integral y pisos en granito. Además, dispone de una terraza con balcón "
FR-191138462,Finca Raiz,"Apartamento en  Arriendo en Villa santos, Barranquilla",Apartamento,1400000,470500,1870500,28341,Villa santos,Noroccidente,"Calle 102 #49e - 89, Riomar, Barranquilla, Atlántico, Colombia",66.0,2,2,1,6,https://www.fincaraiz.com.co/apartamento-en-arriendo-en-villa-santos-barranquilla/191138462,+5731,,Habitat Inmobiliaria Ltda.,Habitat Inmobiliaria Ltda.,16,https://cdn2.infocasas.com.uy/repo/img/669fbdbb0488a_infocdn__hdwmieehh02er8hjyszpa763pqegtikajyfejnqrjpg.jpg,True,"EDIFICIO SOHO 102, EXCELENTE UBICACIÓN, VILLA SANTOS , VIGILANCIA PRIVADA, PARQUEO DE VISITANTES, TERRAZA BBQ, BAHIA VEHICULAR,  ASCENSORES. APARTAMENTO, ESTUFA, CAMPANA,  CONTÁCTENOS PARA PROGRAMAR VISITA"
MQ-13156-M5054315,Metrocuadrado,"Apartamento en Arriendo, San Vicente, Barranquilla",Apartamento,1350000,532000,1882000,24128,San Vicente,Norte,"San Vicente, Barranquilla",78.0,2,2,1,6,https://www.metrocuadrado.com/inmueble/arriendo-apartamento-barranquilla-san-vicente-2-habitaciones-2-banos-1-garajes/13156-M5054315,3218521992,573218521992,CERTAIN & PEZZANO GRUPO INMOBILIARIO S.A.S.,Asesor Comercial,12,https://multimedia.metrocuadrado.com/13156-M5054315/13156-M5054315_1121.jpg,True,"Descubre este encantador apartamento 78 m2, 2 habitaciones, 2 baños, 1 parqueadero, en la exclusiva Zona Riomar de Barranquilla, ubicado en el barrio San Vicente, ideal para quienes buscan un estilo de vida vibrante y cómodo. Con un estrato 6, este inmueble construido en 2012 ofrece un ambiente mode"
MQ-20205-M7077900,Metrocuadrado,"Apartamento en Arriendo, Paraiso, Barranquilla",Apartamento,1480000,420000,1900000,21111,Paraiso,Norte,"Paraiso, Barranquilla",90.0,3,3,1,4,https://www.metrocuadrado.com/inmueble/arriendo-apartamento-barranquilla-paraiso-3-habitaciones-3-banos-1-garajes/20205-M7077900,3212613687,573212613687,Inmobiliaria,Luis Miguel Pachón Escobar,12,https://multimedia.metrocuadrado.com/20205-M7077900/20205-M7077900_15.jpg,True,"Apartamento con 3 habitaciones, 3 baños, dos balcones pequeños, piso 3, cocina con ventilacion natural y cerrada, zona de lavanderia independiente y ventilacion natural, sala comedor, parqueadero cubierto y servicio de concerje las 24 horas. Excelente ubicacion con transporte publico cercano y zonas"
MQ-MC3355626,Metrocuadrado,"Apartamento en Arriendo, EL TABOR   Noroccidente, Barranquilla",Apartamento,1900000,0,1900000,21348,El Tabor,Noroccidente,"El Tabor, Barranquilla",89.0,3,2,1,4,https://www.metrocuadrado.com/inmueble/arriendo-apartamento-barranquilla-el-tabor-3-habitaciones-2-banos-1-garajes/MC3355626,3015829579,573015829579,Persona natural,Mario Orozco,10,https://multimedia.metrocuadrado.com/MC3355626/MC3355626_1.jpg,True,"MIRADOR DEL MAR 2                                             - El apto posee sala, sala de estudio, 3 habitaciones, 2 baños, cocina integral y zona de lavandería. Por otro lado, el edificio cuenta con dos piscinas,  jacuzzi, cancha de fútbol, parque para niños, salón social y parqueadero cubierto c"
MQ-13957-M6755715,Metrocuadrado,"Apartamento en Arriendo, Villa Carolina, Barranquilla",Apartamento,1569000,331000,1900000,23750,Villa Carolina,Norte,"Villa Carolina, Barranquilla",80.0,3,2,1,4,https://www.metrocuadrado.com/inmueble/arriendo-apartamento-barranquilla-villa-carolina-3-habitaciones-2-banos/13957-M6755715,3241000089,573014726883,CONINSA RAMON H. S.A. / FINANCAR S.A / Inmobiliaria,Asesor Comercial,60,https://multimedia.metrocuadrado.com/13957-M6755715/13957-M6755715_433.jpg,True,"¡Vive donde todo te queda cerca! Apartamento en venta en Villa Carolina, Barranquilla  Descubre este excelente apartamento ubicado en Villa Carolina, uno de los sectores con mayor valorización y desarrollo del norte de Barranquilla. Un barrio residencial que combina tranquilidad, seguridad y una ubi"
MERGED-18260-M7108109-194342709,Metrocuadrado + Finca Raiz,"Apartamento en Arriendo en Andalucia, Barranquilla",Apartamento,1598000,302000,1900000,27143,Andalucia,Noroccidente,"Andalucia, Barranquilla",70.0,3,2,1,4,https://www.metrocuadrado.com/inmueble/arriendo-apartamento-barranquilla-andalucia-3-habitaciones-2-banos-1-garajes/18260-M7108109,3157227537,573157227537,Inmobiliaria / Issa Saieh Inmobiliaria,ELIAS MOISES SAIEH  PACHECO,14,https://multimedia.metrocuadrado.com/18260-M7108109/18260-M7108109_1.jpg,True,"Descubre este apartamento de 3 habitaciones y 2 baños en una zona residencial tranquila, cuenta con cocina semi-integral, área de labores, El conjunto cuenta con portería/vigilancia y 1 parqueadero asignado. Además, su ubicación ofrece cómodas vías de acceso y parques cercanos. Vive la experiencia d"
FR-194144922,Finca Raiz,"Apartamento en Arriendo en Ciudad Mallorquin, Barranquilla",Apartamento,1900000,0,1900000,31667,Ciudad Mallorquin,Noroccidente,Carrera 25#1b-70,60.0,3,2,0,4,https://www.fincaraiz.com.co/apartamento-en-arriendo-en-ciudad-mallorquin-barranquilla/194144922,+5731,,INVERQIAM S.A.S,INVERQIAM S.A.S,10,https://cdn2.infocasas.com.uy/repo/img/6a889a902dd11_infocdn__gr-apartamento-en-arriendo-en-mal-1787334653-6623-6210jpeg.jpeg,True,"Apartamento en arriendo en Ciudad Mallorquín, Barranquilla ​Área: 60 metros cuadrados ​Características del inmueble  ​Totalmente nuevo (para estrenar). ​Orientación lado sombra. ​Tres alcobas. ​Dos baños completos. ​Parqueadero comunitario.  ​Zonas comunes  ​Piscina. ​Gimnasio. ​Parque infantil.  ​ "
MQ-MC5960782,Metrocuadrado,"Apartamento en Arriendo, EL PARAISO   Noroccidente, Barranquilla",Apartamento,1900000,0,1900000,35849,El Paraiso,Noroccidente,"El Paraiso, Barranquilla",53.0,2,2,0,4,https://www.metrocuadrado.com/inmueble/arriendo-apartamento-barranquilla-batallon-infanteria-2-habitaciones-2-banos/MC5960782,3013777232,573013777232,Persona natural,Brenda Rodriguez,10,https://multimedia.metrocuadrado.com/MC5960782/MC5960782_1.jpg,True,"Este apartamento es para ti! Características del apartamento: dos acogedoras habitaciones , Moderna cocina abierta, Zona de labores encubierta , Amplia sala ideal para compartir en familia, Espacioso estudio, perfecto para trabajar desde casa  Ubicado en un conjunto residencial completo, que te ofre"
MQ-21188-M6560694,Metrocuadrado,"Apartamento en Arriendo, LA CUMBRE, Barranquilla",Apartamento,1950000,0,1950000,15000,La Cumbre,Noroccidente,"La Cumbre, Barranquilla",130.0,3,2,1,5,https://www.metrocuadrado.com/inmueble/arriendo-apartamento-barranquilla-la-campina-3-habitaciones-2-banos-1-garajes/21188-M6560694,3054703288,573043782942,Inmobiliaria,JOHAN ANTONIO LOZANO AMADOR,12,https://multimedia.metrocuadrado.com/21188-M6560694/21188-M6560694_1.jpg,True,"Encantador apartamento, en el corazón histórico de Barranquilla. Este moderno y acogedor hogar cuenta con 2 amplias habitaciones y un cómodo baño, ideal para disfrutar de un estilo de vida relajado y cómodo. El apartamento también ofrece un práctico parqueadero, y la administración está incluida en "
MQ-2398-M6963400,Metrocuadrado,"Apartamento en Arriendo, Los Alpes, Barranquilla",Apartamento,1950000,0,1950000,38235,Los Alpes,Noroccidente,"Los Alpes, Barranquilla",51.0,1,1,1,5,https://www.metrocuadrado.com/inmueble/arriendo-apartamento-barranquilla-los-alpes-1-habitaciones-1-banos-1-garajes/2398-M6963400,6052517194,573169571403,INURBANAS S.A.S.,Asesor Comercial,12,https://multimedia.metrocuadrado.com/2398-M6963400/2398-M6963400_25.jpg,True,"CÓDIGO INTERNO 23920 – CANON INCLUYE ADMINISTRACIÓN. APARTAMENTO EN EXCELENTE ESTADO CONSTA 1 ALCOBA, 1 BAÑO, SALA COMEDOR, COCINA INTEGRAL, BALCÓN, CITOFONO Y PISO EN PORCELANATO. ADEMÁS, CUENTA CON PARQUEADERO PARA VISITANTE, ASCENSOR, PISCINA, ZONA BBQ, PUERTA DE SEGURIDAD, CUARTO DE COMPENSADORA"
MERGED-671-M6725953-194152184,Metrocuadrado + Finca Raiz,"Apartamento en Arriendo en San vicente, Barranquilla",Apartamento,1550000,400000,1950000,38235,San Vicente,Norte,"San Vicente, Barranquilla",51.0,1,1,1,5,https://www.metrocuadrado.com/inmueble/arriendo-apartamento-barranquilla-san-vicente-1-habitaciones-1-banos-1-garajes/671-M6725953,3104736731,573160232662,Grupo Arenas / Inmobiliaria,Agencia Arenas Arenas,20,https://multimedia.metrocuadrado.com/671-M6725953/671-M6725953_26.jpg,True,"Apartamento dúplex en arriendo ubicado en el barrio San Vicente en un edificio con vigilancia privada las 24 Horas, el apartamento se encuentra en el piso 5 con ascensor, con un área aproximada de 51mt2 distribuido en 1 habitación, 1 baño, balcón, sala-comedor, cocina integral, con buena distribució"
MQ-18260-M5418909,Metrocuadrado,"Apartamento en Arriendo, Los Alpes, Barranquilla",Apartamento,1950000,0,1950000,65000,Los Alpes,Noroccidente,"Los Alpes, Barranquilla",30.0,1,1,0,5,https://www.metrocuadrado.com/inmueble/arriendo-apartamento-barranquilla-los-alpes-1-habitaciones-1-banos/18260-M5418909,3157227537,573157227537,Inmobiliaria,ELIAS MOISES SAIEH  PACHECO,10,https://multimedia.metrocuadrado.com/18260-M5418909/18260-M5418909_1.jpg,True,"¡Gran oportunidad! Arrienda con nosotros este apartaestudio tipo loft amoblado de 30 m2 ubicado en sector norte de la ciudad. Cuenta con 1 habitación, sala comedor, cocina semi integral, 1 baño, terraza ¡Ven y asesórate con nosotros!"
MQ-21617-M7050541,Metrocuadrado,"Apartamento en Arriendo, CIUDAD MALLORQUIN, Barranquilla",Apartamento,1700000,265000,1965000,34474,Ciudad Mallorquin,Noroccidente,"Ciudad Mallorquin, Barranquilla",57.0,2,2,1,3,https://www.metrocuadrado.com/inmueble/arriendo-apartamento-barranquilla-altos-del-prado-2-habitaciones-2-banos-1-garajes/21617-M7050541,3187831597,573187831597,Inmobiliaria,DILIA MARIA BEDOYA  OJEDA,9,https://multimedia.metrocuadrado.com/21617-M7050541/21617-M7050541_1.jpg,True,Apartamento para alquilar en Mallorquín  Conjunto Amore Área 57 m2  2 habitaciones  2 baños Cocina abierta y zona de labores  Sala - comedor - estudio. A.A en cada habitación.  Lado sombra  Parqueadero comunal  Canon arriendo: $1.700.000 incluida administración
MQ-9851-M5841686,Metrocuadrado,"Apartamento en Arriendo, Andalucia, Barranquilla",Apartamento,1500000,499424,1999424,22982,Andalucia,Noroccidente,"Andalucia, Barranquilla",87.0,3,2,1,3,https://www.metrocuadrado.com/inmueble/arriendo-apartamento-barranquilla-andalucia-3-habitaciones-2-banos-1-garajes/9851-M5841686,6053303333,573176969321,FINANCAR S.A,Asesor Comercial,12,https://multimedia.metrocuadrado.com/9851-M5841686/9851-M5841686_81.jpg,True,"Apartamento con 3 habitaciones  2 baños,cocina integral, amplio con balcón, los baños tienen división de Vidrio templado, la alcoba principal cuenta con closet tipo vestier, cerca de Centros comerciales como el Mall plaza, Viva, Sao Villa Carolina, Plaza del parque entre otros."
FR-192941650,Finca Raiz,"Apartamento en Arriendo en Ciudad jardin, Barranquilla",Apartamento,2000000,0,2000000,17391,Ciudad jardin,Norte,Calle 83 # 42B1 - 54 Piso 2 Apto 1,115.0,3,2,1,4,https://www.fincaraiz.com.co/apartamento-en-arriendo-en-ciudad-jardin-barranquilla/192941650,+5730,,Issa Saieh Inmobiliaria,Issa Saieh Inmobiliaria,20,https://cdn2.infocasas.com.uy/repo/img/68ded52143f62_infocdn__28082-1-1759432563jpg.jpg,True,"¡¿Qué esperas?! Este increíble apartamento está esperando por ti! Se encuentra ubicado en segundo piso en el barrio ciudad jardín de la ciudad de Barranquilla, cuenta con un área de 115 metros cuadrados, 3 alcobas, 2 baños, sala, comedor, hall de alcobas, alcoba de servicio con baño, cocina, área de"
MQ-9851-M6921994,Metrocuadrado,"Apartamento en Arriendo, El Tabor, Barranquilla",Apartamento,1350000,650000,2000000,17699,El Tabor,Noroccidente,"El Tabor, Barranquilla",113.0,3,3,1,5,https://www.metrocuadrado.com/inmueble/arriendo-apartamento-barranquilla-el-tabor-3-habitaciones-2-banos-1-garajes/9851-M6921994,6053303333,573176969321,FINANCAR S.A / Inmobiliaria,Asesor Comercial,45,https://multimedia.metrocuadrado.com/9851-M6921994/9851-M6921994_71.jpg,True,"SE ARRIENDA APARTAMENTO EN BARRIO TABOR   ÁREA 87 MTS   3 HABITACIONES   2 BAÑOS   SALA-COMEDOR   COCINA   ZONA LABORES   BALCÓN   1 PARQUEADERO CUBIERTO   EDIFICIO CUENTA CON PISCINA, PARQUE INFANTIL, PARQUEADERO DE VISITANTES, SALON SOCIAL, VIGILANCIA 24H.   CODIGO PRESTIGIO 108-90"
MQ-23769-M7006602,Metrocuadrado,"Apartamento en Arriendo, Villa Santos, Barranquilla",Apartamento,2000000,0,2000000,20833,Villa Santos,Noroccidente,"Villa Santos, Barranquilla",96.0,3,2,1,6,https://www.metrocuadrado.com/inmueble/arriendo-apartamento-barranquilla-villa-santos-3-habitaciones-2-banos-1-garajes/23769-M7006602,3163344763,573163344763,Inmobiliaria,GINA DEL SOCORRO BARRAZA SANJUAN,12,https://multimedia.metrocuadrado.com/23769-M7006602/23769-M7006602_1.jpg,True,"¿ SE ARRIENDA AMPLIO APARTAMENTO INDEPENDIENTE – VILLA SANTOS  Disfruta de comodidad, amplitud y una excelente ubicación en este apartamento de 96 m², situado en el exclusivo barrio Villa Santos, al norte de Barranquilla.  El inmueble ofrece una distribución funcional, ideal para familias que buscan"
MQ-21520-M7113458,Metrocuadrado,"Apartamento en Arriendo, Barranquilla Andalucia, Barranquilla",Apartamento,2000000,0,2000000,21277,Andalucia,Noroccidente,"Andalucia, Barranquilla",94.0,3,2,1,4,https://www.metrocuadrado.com/inmueble/arriendo-apartamento-barranquilla-barranquilla-andalucia-3-habitaciones-2-banos-1-garajes/21520-M7113458,3136277944,573136277944,Inmobiliaria,FANNY YUNEZ MEDINA,10,https://multimedia.metrocuadrado.com/21520-M7113458/21520-M7113458_1.jpg,True,"ESTE MAGNÍFICO APARTAMENTO OFRECE UNA COMBINACIÓN PERFECTA DE AMPLITUD Y FUNCIONALIDAD. Este inmueble se distingue por su generosa distribución, que incluye tres confortables habitaciones la principal, con baño y un espacioso clóset, y dos habitaciones auxiliares, cada una equipada con su propio cló"
MQ-13957-M6755748,Metrocuadrado,"Apartamento en Arriendo, Miramar, Barranquilla",Apartamento,2000000,0,2000000,22222,Miramar,Noroccidente,"Miramar, Barranquilla",90.0,3,2,0,4,https://www.metrocuadrado.com/inmueble/arriendo-apartamento-barranquilla-miramar-3-habitaciones-2-banos/13957-M6755748,3241000082,573014726883,CONINSA RAMON H. S.A.,Asesor Comercial,12,https://multimedia.metrocuadrado.com/13957-M6755748/13957-M6755748_541.jpg,True,"CONINSA ARRIENDA – Apartamento en Miramar Amplio apartamento de 90 metros ubicado en Miramar, a pocos minutos del Centro Comercial Miramar, ideal para quienes buscan comodidad y una excelente ubicación. Cuenta con sala-comedor, estudio, cocina, zona de labores, 3 alcobas y 2 baños. Está ubicado en u"
FR-193689588,Finca Raiz,"Apartamento en Arriendo en Santa monica, Barranquilla",Apartamento,1342000,658000,2000000,25000,Santa monica,Noroccidente,Carrera 53 # 90-165,80.0,2,2,1,6,https://www.fincaraiz.com.co/apartamento-en-arriendo-en-santa-monica-barranquilla/193689588,+5730,,Issa Saieh Inmobiliaria,Issa Saieh Inmobiliaria,16,https://cdn2.infocasas.com.uy/repo/img/6a69f98911f39_infocdn__31747-1-1777471017jpg.jpg,True,"Descubre este apartamento de 80 metros cuadrados distribuidos en sala-comedor, cocina semi-integral, baño social, 2 habitaciones, 2 baños, area de labores, ascensor, piscina, zona infantil y 1 parqueadero para tu conveniencia, este inmueble ofrece comodidad. No pierdas la oportunidad de vivir en est"
MERGED-18260-M6123888-194235662,Metrocuadrado + Finca Raiz,"Apartamento en Arriendo en Bellavista, Barranquilla",Apartamento,1464000,536000,2000000,25641,Bellavista,Norte,"Bellavista, Barranquilla",78.0,3,2,1,4,https://www.metrocuadrado.com/inmueble/arriendo-apartamento-barranquilla-bellavista-3-habitaciones-2-banos-1-garajes/18260-M6123888,3157227537,573157227537,Inmobiliaria / Issa Saieh Inmobiliaria,ELIAS MOISES SAIEH  PACHECO,27,https://multimedia.metrocuadrado.com/18260-M6123888/18260-M6123888_16.jpg,True,"Descubre este apartamento de 78 metros cuadrados distribuidos en sala-comedor, cocina, balcon, 3 habitaciones, 2 baños, area del abores, cuenta con ascensor y 1 parqueadero, este inmueble ofrece comodidad en cada rincón. No pierdas la oportunidad de vivir en este espacio. ¡Contáctanos ahora para más"
MQ-5410-M6553478,Metrocuadrado,"Apartamento en Arriendo, Bellavista, Barranquilla",Apartamento,2000000,0,2000000,28169,Bellavista,Norte,"Bellavista, Barranquilla",71.0,2,2,1,4,https://www.metrocuadrado.com/inmueble/arriendo-apartamento-barranquilla-bellavista-2-habitaciones-2-banos-1-garajes/5410-M6553478,3145889507,573145889507,Inmobiliaria Mchaileh,Asesor Comercial,12,https://multimedia.metrocuadrado.com/5410-M6553478/5410-M6553478_13.jpg,True,"¡Apartamento en arriendo cerca del parque Bellavista! Cuenta con 3 alcobas, 2 baños y cocina sencilla. Espacios cómodos e iluminados, ideales para tu familia. Ubicado en piso 5 sin ascensor, con fácil acceso a rutas de buses  y todo a pocos minutos.  ¡Excelente opción para vivir bien ubicado! Agenda"
FR-194313380,Finca Raiz,"Apartamento en Arriendo en Ciudad Mallorquin, Barranquilla",Apartamento,2000000,0,2000000,29412,Ciudad Mallorquin,Noroccidente,KR 20 # 1E - 165,68.0,2,2,1,4,https://www.fincaraiz.com.co/apartamento-en-arriendo-en-ciudad-mallorquin-barranquilla/194313380,+5731,,Tu Espacio Ya,Tu Espacio Ya,11,https://cdn2.infocasas.com.uy/repo/img/6ab5a2ed8222e_infocdn__getfile.jpeg,True,"MODERNO APARTAMENTO PARA ESTRENAR LADO SOMBRA. Diseñado para brindar amplitud y funcionalidad, cuenta con 2 cómodas habitaciones la principal con clóset y baño privado, y habitación auxiliar con clóset. Su moderna cocina abierta se integra perfectamente con la sala-comedor, creando un ambiente ampli"
MQ-20610-M5992536,Metrocuadrado,"Apartamento en Arriendo, Villa Santos, Barranquilla",Apartamento,2000000,0,2000000,30441,Villa Santos,Noroccidente,"Villa Santos, Barranquilla",65.7,1,2,1,5,https://www.metrocuadrado.com/inmueble/arriendo-apartamento-barranquilla-villa-santos-1-habitaciones-2-banos-1-garajes/20610-M5992536,0000000000,0000000000,Inmobiliaria,Oficinas REMAX,12,https://multimedia.metrocuadrado.com/20610-M5992536/20610-M5992536_13.jpg,True,"¡Tu vida, tu espacio, tu estilo en Villa Santos! Arrienda apartamento de 65,7 m² con entrega inmediata Vive en un apartamento moderno, ideal para profesionales dinámicos que buscan luz, comodidad y vistas exclusivas de la zona norte de Barranquilla. 1 dormitorio amplio, aire acondicionado instalado,"
FR-194101642,Finca Raiz,"Apartamento en Arriendo en Miramar, Barranquilla",Apartamento,1726000,274000,2000000,32787,Miramar,Noroccidente,"Miramar, Norte Centro Historico, Barranquilla, Atlántico, Colombia",61.0,2,2,1,4,https://www.fincaraiz.com.co/apartamento-en-arriendo-en-miramar-barranquilla/194101642,57316,,Faigale Dales,Faigale Dales,19,https://cdn2.infocasas.com.uy/repo/img/6a7b2ec31369a_infocdn__qug0xpk1nhryost7rpad3rkxc3x1gjbrcvcvst6ejpg.jpg,True,"- Apartamento esquinero con vistas exteriores, piso 11 excelentes luz y ventilación. - 2 habitaciones, 2 baños, sala, comedor, zona de estudio, balcón, cocina integral y zona de lavado.  - Se entrega con 2 aires inverter y 5 abanicos de techo y controles.  - Se entrega con persianas en cuartos y cor"
FR-194331278,Finca Raiz,"Apartamento en Arriendo en Ciudad jardin, Barranquilla",Apartamento,2000000,0,2000000,33333,Ciudad jardin,Norte,Ciudad jardin,60.0,2,2,1,5,https://www.fincaraiz.com.co/apartamento-en-arriendo-en-ciudad-jardin-barranquilla/194331278,37393,,Grupo Inmobiliario Hold House SAS,Grupo Inmobiliario Hold House SAS,8,https://cdn2.infocasas.com.uy/repo/img/6abd36fc8ed66_infocdn__gr-arriendo-apartamento-en-ciudad-1790698255-8016-2875jpeg.jpeg,True,"Descubre este acogedor apartamento en arriendo en Ciudad Jardín, una de las zonas más tranquilas y estratégicas de la ciudad. Con 60 m², este inmueble ofrece una distribución funcional que incluye sala-comedor, balcón, cocina integral cerrada, 2 cómodas alcobas y 2 baños, ideales para disfrutar de m"
MQ-MC6961310,Metrocuadrado,"Apartamento en Arriendo, ALTOS DE SAN VICENTE   Noroccidente, Barranquilla",Apartamento,2000000,0,2000000,34483,Altos de San Vicente,Noroccidente,"Altos de San Vicente, Barranquilla",58.0,1,1,1,5,https://www.metrocuadrado.com/inmueble/arriendo-apartamento-barranquilla-san-vicente-1-habitaciones-1-banos-1-garajes/MC6961310,3162675339,573162675339,Persona natural,Ana Maria Issa Galeano,11,https://multimedia.metrocuadrado.com/MC6961310/MC6961310_1.jpg,True,"El Apartaestudio se sitúa en el edificio Laura, ubicado en la carrera 50 con calle 84, estrato cinco."
MQ-2361-M6471312,Metrocuadrado,"Apartamento en Arriendo, La Cumbre, Barranquilla",Apartamento,2000000,0,2000000,40000,La Cumbre,Noroccidente,"La Cumbre, Barranquilla",50.0,1,1,0,5,https://www.metrocuadrado.com/inmueble/arriendo-apartamento-barranquilla-la-cumbre-1-habitaciones-1-banos/2361-M6471312,3208899956,573103727777,BIENCO INMOBILIARIA,Asesor Comercial,10,https://multimedia.metrocuadrado.com/2361-M6471312/2361-M6471312_31.jpg,True,"Descubre esta elegante casa en arriendo con una habitación, baño y parqueadero en una ubicación privilegiada. Con un diseño moderno y funcional, cuenta con aire acondicionado, amoblado de alta calidad, blackout en todas las ventanas y un amplio closet en la habitación. La cocina integral mixta es pe"
MQ-MC5761303,Metrocuadrado,"Apartamento en Arriendo, VILLA COUNTRY   Noroccidente, Barranquilla",Apartamento,2000000,0,2000000,44444,Villa Country,Noroccidente,"Villa Country, Barranquilla",45.0,1,1,1,6,https://www.metrocuadrado.com/inmueble/arriendo-apartamento-barranquilla-villa-country-1-habitaciones-1-banos-1-garajes/MC5761303,3153254955,573153254955,Persona natural,Maria Consuelo Juliao,9,https://multimedia.metrocuadrado.com/MC5761303/MC5761303_2.jpg,True,"Apartamento de 45 mts en muy buen estado, en una muy buena zona en Barranquilla (Villa Country), con dos ambientes, muy iluminado. Se arrienda con aires acondicionados, nevera, lavadora y blackouts. El canon incluye la administración"
MQ-22304-M6536728,Metrocuadrado,"Apartamento en Arriendo, EL TABOR, Barranquilla",Apartamento,2000000,0,2000000,47619,El Tabor,Noroccidente,"El Tabor, Barranquilla",42.0,1,2,1,5,https://www.metrocuadrado.com/inmueble/arriendo-apartamento-barranquilla-el-tabor-1-habitaciones-2-banos-1-garajes/22304-M6536728,3213858997,573213858997,Inmobiliaria,MONICA LUCIA ORDOÑEZ IDARRAGA,11,https://multimedia.metrocuadrado.com/22304-M6536728/22304-M6536728_3.jpg,True,"Apartamento moderno en arriendo en Tabor, ubicado en piso 9 (lado sombra), con 42 m² bien distribuidos. Cuenta con 1 alcoba, 2 baños y 1 parqueadero. Cocina funcional, buena iluminación y excelente frescura durante todo el día. Se entrega con aire acondicionado, blackout en alcoba y panel japonés en"
MQ-20610-M6092065,Metrocuadrado,"Apartamento en Arriendo, Paraiso, Barranquilla",Apartamento,1750000,250851,2000851,40017,Paraiso,Norte,"Paraiso, Barranquilla",50.0,3,2,0,4,https://www.metrocuadrado.com/inmueble/arriendo-apartamento-barranquilla-paraiso-3-habitaciones-2-banos/20610-M6092065,0000000000,0000000000,Inmobiliaria,Oficinas REMAX,12,https://multimedia.metrocuadrado.com/20610-M6092065/20610-M6092065_37.jpg,True,"Apartamento para estrenar en Brisas del Parque con parqueadero y vista al río. Este apartamento nuevo ofrece una excelente distribución que combina comodidad y funcionalidad. Cuenta con tres alcobas, dos baños, sala-comedor amplia, cocina, y zona de labores independiente. Disfruta de una ubicación p"
MQ-9851-M6116797,Metrocuadrado,"Apartamento en Arriendo, Alto Prado, Barranquilla",Apartamento,1500000,594000,2094000,31254,Alto Prado,Norte,"Alto Prado, Barranquilla",67.0,2,1,2,5,https://www.metrocuadrado.com/inmueble/arriendo-apartamento-barranquilla-alto-prado-2-habitaciones-1-banos-2-garajes/9851-M6116797,6053303333,573176969321,FINANCAR S.A,Asesor Comercial,12,https://multimedia.metrocuadrado.com/9851-M6116797/9851-M6116797_126.jpg,True,"Apartamento ubicado en el norte de la ciudad de ambiente fresco y luz natural durante el día. Cuenta con cocina integral con mesón en granito con gabinetes inferiores y superiores, zona de labores, closets en habitaciones, sala comedor y habitaciones, baños con lavamanos en cerámica y divisiones en "
FR-192111721,Finca Raiz,"Apartamento en  Arriendo en Paraiso, Barranquilla",Apartamento,2100000,0,2100000,16935,Paraiso,Norte,"Cra. 63 #77C-177, Riomar, Barranquilla, Atlántico, Colombia",124.0,3,3,1,4,https://www.fincaraiz.com.co/apartamento-en-arriendo-en-paraiso-barranquilla/192111721,+5731,,INMOBILIARIA CHAVEZ JG SAS,INMOBILIARIA CHAVEZ JG SAS,29,https://cdn2.infocasas.com.uy/repo/img/67caf8c55bd5e_infocdn__oufqrtkvx2s6wmm8hvihyhugdyaa61sx4tpono3zjpg.jpg,True,"¡Vive con comodidad y estilo en el barrio Paraíso! Inmobiliaria Chávez JG tiene para ti este espectacular apartamento en arriendo ?   Piso 2 – Amplio, fresco e iluminado Perfecto para disfrutar en familia  ✨ Características destacadas: ▫️ 3 habitaciones con clóset ▫️ 2 baños internos + 1 baño social"
MQ-671-M7017145,Metrocuadrado,"Apartamento en Arriendo, Villa Santos, Barranquilla",Apartamento,1620000,480000,2100000,25393,Villa Santos,Noroccidente,"Villa Santos, Barranquilla",82.7,2,3,2,6,https://www.metrocuadrado.com/inmueble/arriendo-apartamento-barranquilla-villa-santos-2-habitaciones-2-banos-1-garajes/671-M7017145,3104736731,573160232662,CONINSA RAMON H. S.A. / FINANCAR S.A / INURBANAS S.A.S. / Inmobiliaria,Agencia Arenas Arenas,69,https://multimedia.metrocuadrado.com/671-M7017145/671-M7017145_46.jpg,True,"CONINSA ARRIENDA – Apartamento en Villa Santos Hermoso apartamento de 80 metros ubicado en el exclusivo sector de Villa Santos, con una excelente distribución que incluye sala-comedor, cocina integral, zona de labores, 2 alcobas y 2 baños, ideal para quienes buscan comodidad, tranquilidad y una ubic"
MQ-2398-M6993874,Metrocuadrado,"Apartamento en Arriendo, Paraiso, Barranquilla",Apartamento,1584000,516000,2100000,29577,Paraiso,Norte,"Paraiso, Barranquilla",71.0,2,2,1,4,https://www.metrocuadrado.com/inmueble/arriendo-apartamento-barranquilla-paraiso-2-habitaciones-2-banos-1-garajes/2398-M6993874,6052517194,573169571403,INURBANAS S.A.S.,Asesor Comercial,12,https://multimedia.metrocuadrado.com/2398-M6993874/2398-M6993874_15.jpg,True,"CANON $2.100.000 INCLUIDA LA ADMINISTRACIÓN - APARTAMENTO QUE COMBINA COMODIDAD Y FUNCIONALIDAD EN UN ESPACIO PENSADO PARA DISFRUTAR EL DÍA A DÍA. CUENTA CON SALA-COMEDOR, BALCÓN, COCINA TIPO AMERICANA CON ESTUFA A GAS, GARAJE CUBIERTO Y PUNTO DE CONEXIÓN PARA AIRES ACONDICIONADOS.  EL EDIFICIO COMP"
MQ-18260-M6189318,Metrocuadrado,"Apartamento en Arriendo, Los Alpes, Barranquilla",Apartamento,1650000,450000,2100000,31343,Los Alpes,Noroccidente,"Los Alpes, Barranquilla",67.0,2,2,1,5,https://www.metrocuadrado.com/inmueble/arriendo-apartamento-barranquilla-los-alpes-2-habitaciones-1-banos-1-garajes/18260-M6189318,3157227537,573157227537,Inmobiliaria,ELIAS MOISES SAIEH  PACHECO,48,https://multimedia.metrocuadrado.com/18260-M6189318/18260-M6189318_21.jpg,True,"SEGEBRE INMOBILIARIA ARRIENDA. APARTAMENTO EN BARRANQUILLA. ¡Estrena calidad de vida en un entorno tranquilo y residencial! Este hermoso apartamento, con tan solo 1 año de construido, combina diseño moderno, comodidad y una excelente distribución. Cuenta con 2 habitaciones, 2 baños, sala-comedor aco"
MQ-2361-M6440877,Metrocuadrado,"Apartamento en Arriendo, La Cumbre, Barranquilla",Apartamento,2100000,0,2100000,35000,La Cumbre,Noroccidente,"La Cumbre, Barranquilla",60.0,2,1,1,5,https://www.metrocuadrado.com/inmueble/arriendo-apartamento-barranquilla-la-cumbre-2-habitaciones-1-banos-1-garajes/2361-M6440877,3208899956,573103727777,BIENCO INMOBILIARIA,Asesor Comercial,12,https://multimedia.metrocuadrado.com/2361-M6440877/2361-M6440877_27.jpg,True,"En un tranquilo vecindario se encuentra este encantador apartamento de 2 habitaciones y 1 baño. Al ingresar, te recibirá una cocina integral mixta que te invita a preparar deliciosas comidas. La iluminación natural resalta los detalles del piso en porcelanato, creando un ambiente acogedor en la sala"
MQ-671-M6598454,Metrocuadrado,"Apartamento en Arriendo, San Vicente, Barranquilla",Apartamento,1695000,405000,2100000,50000,San Vicente,Norte,"San Vicente, Barranquilla",42.0,1,1,1,5,https://www.metrocuadrado.com/inmueble/arriendo-apartamento-barranquilla-san-vicente-1-habitaciones-1-banos/671-M6598454,3104736731,573160232662,Inmobiliaria,Agencia Arenas Arenas,24,https://multimedia.metrocuadrado.com/671-M6598454/671-M6598454_16.jpg,True,"Apartamento en arriendoventa  en la ciudad de Barranquilla ubicado en el barrio San Vicente, en un edificio con vigilancia privada las 24 Horas y zonas sociales de entretenimiento gimnasio, salón comunal, el edificio cuenta con 7 pisos, el apartamento se encuentra ubicado en el piso 4, con un área a"
MQ-16743-M6595769,Metrocuadrado,"Apartamento en Arriendo, ALTO PRADO, Barranquilla",Apartamento,1700000,400000,2100000,56757,Alto Prado,Noroccidente,"Alto Prado, Barranquilla",37.0,1,1,1,6,https://www.metrocuadrado.com/inmueble/arriendo-apartamento-barranquilla-altos-del-prado-1-habitaciones-1-banos-1-garajes/16743-M6595769,3118200272,573118200272,Inmobiliaria,HAROLD GIOVANNI JIMENEZ SOLANILLA,12,https://multimedia.metrocuadrado.com/16743-M6595769/16743-M6595769_1.jpg,True,"Hermoso apartamento situado en piso once con excelente vista panorámica, consta de una habitación, un baño, cocina, zona de ropas, un parqueadero y un depósito. Se encuentra ubicado en sector exclusivo. El edificio cuenta con vigilancia 24 hrs, recepción, piscina, salón comunal y gimnasio."
MQ-671-M7051920,Metrocuadrado,"Apartamento en Arriendo, Villa Carolina, Barranquilla",Apartamento,1769043,346702,2115745,30663,Villa Carolina,Norte,"Villa Carolina, Barranquilla",69.0,2,2,1,3,https://www.metrocuadrado.com/inmueble/arriendo-apartamento-barranquilla-villa-carolina-2-habitaciones-2-banos-1-garajes/671-M7051920,3104736731,573160232662,Inmobiliaria,Agencia Arenas Arenas,12,https://multimedia.metrocuadrado.com/671-M7051920/671-M7051920_21.jpg,True,"Apartamento en arriendo ubicado en la ciudad de Barranquilla sector Villa Carolina, en un edificio con vigilancia privada las 24 Horas y zonas sociales de entretenimiento, piscina, salón social, parque infantil, el edificio cuenta con11 pisos y el apartamento se encuentra ubicado en el  piso 7, con "
MQ-11697-M6795136,Metrocuadrado,"Apartamento en Arriendo, Barranquilla Ciudad De Mallorquin, Barranquilla",Apartamento,1900000,217000,2117000,36500,Ciudad de Mallorquin,Noroccidente,"Ciudad de Mallorquin, Barranquilla",58.0,2,2,1,4,https://www.metrocuadrado.com/inmueble/arriendo-apartamento-barranquilla-ciudad-de-mallorquin-2-habitaciones-2-banos/11697-M6795136,3023857098,573023857098,Inmobiliaria,MARY ANN VASTENAVOND GUZMAN,24,https://multimedia.metrocuadrado.com/11697-M6795136/11697-M6795136_55.jpg,True,"Ubicacion privilegiada en Ciudad Mallorquin, con facil acceso y muy cerca de la Universidad del Norte,y de los mejores centros comerciales de la ciudad.   Apartamento para estrenar ubicado en piso 12, con una vista muy agradable y el gran beneficio de contar con sombra durante todo el dia, lo que ay"
MQ-9851-M5464648,Metrocuadrado,"Apartamento en Arriendo, Altos De Riomar, Barranquilla",Apartamento,1700000,440000,2140000,21188,Altos de Riomar,Noroccidente,"Altos de Riomar, Barranquilla",101.0,2,1,1,6,https://www.metrocuadrado.com/inmueble/arriendo-apartamento-barranquilla-altos-de-riomar-2-habitaciones-1-banos-1-garajes/9851-M5464648,6053303333,573176969321,FINANCAR S.A,Asesor Comercial,12,https://multimedia.metrocuadrado.com/9851-M5464648/9851-M5464648_21.jpg,True,"Apartamento ubicado en buen sector de la ciudad, amplio, fresco e iluminado. El apartamento cuenta con dos cuartos un estudio, baño de servicio, parqueadero cubierto, baño en habitacion, cocina independiente sala y comedor independiente,  101 mts y queda ubicado en un cuarto piso. Cerca a parques, c"
MQ-9851-M5465641,Metrocuadrado,"Apartamento en Arriendo, Andalucia, Barranquilla",Apartamento,2000000,150000,2150000,20476,Andalucia,Noroccidente,"Andalucia, Barranquilla",105.0,2,3,1,5,https://www.metrocuadrado.com/inmueble/arriendo-apartamento-barranquilla-andalucia-2-habitaciones-2-banos-1-garajes/9851-M5465641,6053303333,573176969321,FINANCAR S.A / Inmobiliaria,Asesor Comercial,24,https://multimedia.metrocuadrado.com/9851-M5465641/9851-M5465641_21.jpg,True,"Apartamento en arriendo ubicado en el sector de Andalucía al norte de la Ciudad de Barranquilla, cerca de parques, iglesias, colegios, centro comercial Buenavista y almacenes de cadena. El apto esta en un piso 2 y cuenta con 105 m2, excelentes espacios, lado sombra, sala comedor, hall con closet de "
MQ-18260-M5418911,Metrocuadrado,"Apartamento en Arriendo, Los Alpes, Barranquilla",Apartamento,2150000,0,2150000,53750,Los Alpes,Noroccidente,"Los Alpes, Barranquilla",40.0,1,1,0,5,https://www.metrocuadrado.com/inmueble/arriendo-apartamento-barranquilla-los-alpes-1-habitaciones-1-banos/18260-M5418911,3157227537,573157227537,Inmobiliaria,ELIAS MOISES SAIEH  PACHECO,10,https://multimedia.metrocuadrado.com/18260-M5418911/18260-M5418911_1.jpg,True,"¡Llego el momento! Arrienda con nosotros este apartaestudio tipo loft amoblado de 40 m2 ubicado en sector norte de la ciudad. Cuenta con 1 habitación, sala comedor, cocina semi integral, 1 baño, terraza ¡Ven y asesórate con nosotros!"
MERGED-9851-M6997481-194154807,Metrocuadrado + Finca Raiz,"Apartamento en Arriendo en San vicente, Barranquilla",Apartamento,1800000,361000,2161000,30871,San Vicente,Norte,"San Vicente, Barranquilla",70.0,2,2,1,5,https://www.metrocuadrado.com/inmueble/arriendo-apartamento-barranquilla-san-vicente-2-habitaciones-1-banos-1-garajes/9851-M6997481,6053303333,573176969321,FINANCAR S.A / FINANZAL S.A. / Grupo Arenas / Inmobiliaria,Asesor Comercial,57,https://multimedia.metrocuadrado.com/9851-M6997481/9851-M6997481_41.jpg,True,"Apartamento en arriendo/venta en la ciudad de Barranquilla ubicado en el barrio San Vicente, en un edificio con vigilancia privada las 24 Horas y zonas sociales de entretenimiento, el edificio cuenta con 5 pisos, el apartamento cuenta con un área aproximada de 68 mts2 , distribuidos en 2 habitacione"
MQ-18514-M5804310,Metrocuadrado,"Apartamento en Arriendo, Andalucia, Barranquilla",Apartamento,1900000,265000,2165000,19330,Andalucia,Noroccidente,"Andalucia, Barranquilla",112.0,2,2,1,5,https://www.metrocuadrado.com/inmueble/arriendo-apartamento-barranquilla-andalucia-2-habitaciones-2-banos-1-garajes/18514-M5804310,3118886876,573118886876,Inmobiliaria,CARMEN JULIA SEGEBRE  ELJADUE,12,https://multimedia.metrocuadrado.com/18514-M5804310/18514-M5804310_15.jpg,True,"SEGEBRE INMOBILIARIA VENDE O ARRIENDA Apartamento en Barranquilla. ¡Bienvenido a tu nuevo hogar! en este increíble apartamento de 112 metros cuadrados vas a encontrar 2 habitaciones amplias con closet, 1 baño amplio que comparten estas 2 increíbles habitaciones, sala amplia, comedor, cocina integral"
MQ-13957-M6707433,Metrocuadrado,"Apartamento en Arriendo, Miramar, Barranquilla",Apartamento,1800000,393471,2193471,25505,Miramar,Noroccidente,"Miramar, Barranquilla",86.0,3,3,1,4,https://www.metrocuadrado.com/inmueble/arriendo-apartamento-barranquilla-miramar-3-habitaciones-3-banos/13957-M6707433,3241000089,573014726883,CONINSA RAMON H. S.A. / FINANCAR S.A,Asesor Comercial,29,https://multimedia.metrocuadrado.com/13957-M6707433/13957-M6707433_426.jpg,True,"Apartamento con 3 habitaciones mas 2 baños ubicado al norte de la ciudad de ambiente fresco y luz natural durante el día. Cuenta con cocina integral con mesón en granito pulido gabinete superiores e inferiores, Vestier en habitaciones principal, sala comedor, balcón, divisiones de los baños en vidri"
MQ-16553-M6780197,Metrocuadrado,"Apartamento en Arriendo, Villa Country, Barranquilla",Apartamento,2200000,0,2200000,18182,Villa Country,Norte,"Villa Country, Barranquilla",121.0,3,3,1,5,https://www.metrocuadrado.com/inmueble/arriendo-apartamento-barranquilla-villa-country-3-habitaciones-3-banos-1-garajes/16553-M6780197,3012924451,573012924451,Inmobiliaria,BENJAMIN BARRIOS MUNIVE,11,https://multimedia.metrocuadrado.com/16553-M6780197/16553-M6780197_12.jpg,True,"En el corazón de Barranquilla, en la codiciada Zona Norte del Centro Histórico, se erige un apartamento que combina modernidad y funcionalidad, ideal para quienes buscan establecer un hogar en un entorno vibrante. Construido en 2015, este inmueble de estrato 5 ofrece un espacio que refleja la calida"
FR-193846900,Finca Raiz,Apartamento en Arriendo en San vicente,Apartamento,2200000,0,2200000,24444,San vicente,Noroccidente,"Torres de Calabria, Carrera 51, Riomar, Barranquilla, Atlántico, Colombia",90.0,3,2,1,5,https://www.fincaraiz.com.co/apartamento-en-arriendo-en-san-vicente/193846900,+5730,,SISI BIENES RAICES S.A.S.,SISI BIENES RAICES S.A.S.,14,https://cdn2.infocasas.com.uy/repo/img/6a23402708609_infocdn__3wxu6wagkihgk1zvfdklnoxnhlxnn0nqyyydssiyjpg.jpg,True,"Descubra este espacioso apartamento, estratégicamente ubicado en el prestigioso sector norte de Barranquilla, a pasos de los centros comerciales más exclusivos. Este hogar excepcional ofrece un diseño inteligente con tres amplias alcobas y dos baños completos, una sala luminosa y un comedor elegante"
MERGED-9851-M6602266-193663252,Metrocuadrado + Finca Raiz,"Apartamento en Arriendo en Paraiso, Barranquilla",Apartamento,2200000,0,2200000,26190,Paraiso,Norte,Carrera 67 Calle # 79 - 95   Apto 203,84.0,3,2,0,4,https://www.metrocuadrado.com/inmueble/arriendo-apartamento-barranquilla-paraiso-3-habitaciones-2-banos/9851-M6602266,6053303333,573176969321,FINANCAR S.A / Financar S.A.,Asesor Comercial,25,https://multimedia.metrocuadrado.com/9851-M6602266/9851-M6602266_1.jpg,True,"Estrena la vida que siempre has querido en este espectacular apartamento en arriendo, diseñado para brindar confort, estilo y funcionalidad. Cuenta con una amplia sala comedor que se integra perfectamente con una moderna cocina integral, ideal para compartir momentos especiales. Dispone de baño soci"
FR-194186728,Finca Raiz,"Apartamento en Arriendo en Rio Alto, Barranquilla",Apartamento,2200000,0,2200000,27848,Rio Alto,Noroccidente,Calle 99 # 71 - 66 Conj Missoni T1 Apto 806,79.0,2,2,1,5,https://www.fincaraiz.com.co/apartamento-en-arriendo-en-rio-alto-barranquilla/194186728,+5731,,CASARRIENDOS S.A.S.,CASARRIENDOS S.A.S.,28,https://cdn2.infocasas.com.uy/repo/img/6abbf529231db_infocdn__gr-apartamento-en-arriendo-rio-al-1788024430-6968-1736jpeg.jpeg,True,"Apartamento en arriendo ubicado en Río alto (Missoni) proyecto aun en construcción. Ubicado en piso 8, cuenta con una excelente área de 78m2, esquinero, lado sombra , dos habitaciones, dos baños, espacio sala y comedor independiente.  El inmueble cuenta con 3 aires acondicionados inverter. Áreas soc"
MQ-710-M6779187,Metrocuadrado,"Apartamento en Arriendo, Ciudad Mallorquin, Barranquilla",Apartamento,2200000,0,2200000,31884,Ciudad Mallorquin,Noroccidente,"Ciudad Mallorquin, Barranquilla",69.0,2,2,1,4,https://www.metrocuadrado.com/inmueble/arriendo-apartamento-barranquilla-na-2-habitaciones-2-banos-1-garajes/710-M6779187,3204940443,573204940443,Inmobiliaria,BIENES Y PROYECTOS INMOBILIARIOS,18,https://multimedia.metrocuadrado.com/710-M6779187/710-M6779187_49.jpg,True,"Apartamento en arriendo ubicado al norte de la ciudad de barranquilla en el sector de mallorquin, cuenta con un area de 69m2, dispone de 2 habitaciones la principal con baño interno, baño social, sala comedor, cocina integral, zona de labores, parqueadero privado, cuenta con 3 puntos de aire acondic"
MQ-671-M7033049,Metrocuadrado,"Apartamento en Arriendo, Paraiso, Barranquilla",Apartamento,1900030,299970,2200000,33333,Paraiso,Norte,"Paraiso, Barranquilla",66.0,3,2,1,4,https://www.metrocuadrado.com/inmueble/arriendo-apartamento-barranquilla-paraiso-3-habitaciones-2-banos-1-garajes/671-M7033049,3104736731,573160232662,Inmobiliaria,Agencia Arenas Arenas,12,https://multimedia.metrocuadrado.com/671-M7033049/671-M7033049_1.jpg,True,"Apartamento en arriendo ubicado en la ciudad de Barranquilla sector Paraiso, en un edificio con vigilancia privada las 24 Horas y zonas sociales de entretenimiento, piscina, salón social, parque infantil, el edificio cuenta con 18 pisos y el apartamento se encuentra ubicado en el  piso 7, con un áre"
MQ-13957-M6755514,Metrocuadrado,"Apartamento en Arriendo, Miramar, Barranquilla",Apartamento,2200000,0,2200000,34921,Miramar,Noroccidente,"Miramar, Barranquilla",63.0,2,2,1,4,https://www.metrocuadrado.com/inmueble/arriendo-apartamento-barranquilla-miramar-2-habitaciones-2-banos-1-garajes/13957-M6755514,3241000089,573014726883,CONINSA RAMON H. S.A.,Asesor Comercial,12,https://multimedia.metrocuadrado.com/13957-M6755514/13957-M6755514_661.jpg,True,"Disfruta de la brisa y la mejor vista en este espectacular apartamento ubicado en el Conjunto Residencial Siena, el corazón de Miramar. Un espacio diseñado para quienes buscan confort, seguridad y una ubicación privilegiada en el norte de Barranquilla. Características del Inmueble Distribución 2 amp"
MERGED-9851-M6242109-194317191,Metrocuadrado + Finca Raiz,"Apartamento en Arriendo en Miramar, Barranquilla",Apartamento,1915000,285000,2200000,35484,Miramar,Noroccidente,CALLE 106 TRANSVERSAL 43 - 137,62.0,3,2,1,4,https://www.metrocuadrado.com/inmueble/arriendo-apartamento-barranquilla-miramar-3-habitaciones-2-banos-1-garajes/9851-M6242109,6053303333,573176969321,Certain Pezzano / FINANCAR S.A / Inmobiliaria,Asesor Comercial,51,https://multimedia.metrocuadrado.com/9851-M6242109/9851-M6242109_81.jpg,True,"Se arrienda hermoso apartamento con excelente distribución, diseño moderno y espacios pensados para la comodidad.  Cuenta con tres habitaciones amplias, cada una con buena iluminación natural y ventilación, ideales para el descanso y la privacidad de toda la familia. La habitación principal ofrece e"
MERGED-21392-M7032477-194327400,Metrocuadrado + Finca Raiz,"Apartamento en Arriendo en Ciudad Mallorquin, Barranquilla",Apartamento,2200000,0,2200000,38596,Ciudad Mallorquin,Noroccidente,"Ciudad Mallorquin, Barranquilla",57.0,2,2,1,4,https://www.metrocuadrado.com/inmueble/arriendo-apartamento-barranquilla-altos-del-prado-2-habitaciones-2-banos-1-garajes/21392-M7032477,3126600425,573126600425,Inmobiliaria / Tu Espacio Ya,NICOLAS ANDRES GONZALEZ  SANCHEZ,21,https://multimedia.metrocuadrado.com/21392-M7032477/21392-M7032477_1.jpg,True,"SE ARRIENDA APARTAMENTO EN CIUDAD MALLORQUIN  Excelente apartamento ubicado en Ciudad Mallorquin, en un sector residencial de gran proyección, tranquilidad y comodidad.  El inmueble cuenta con 57 m², ubicado en cuarto piso con ascensor, y ofrece una distribución práctica y funcional:  2 habitaciones"
MQ-671-M6653798,Metrocuadrado,"Apartamento en Arriendo, Miramar, Barranquilla",Apartamento,2000000,217265,2217265,48412,Miramar,Noroccidente,"Miramar, Barranquilla",45.8,3,2,1,4,https://www.metrocuadrado.com/inmueble/arriendo-apartamento-barranquilla-miramar-3-habitaciones-2-banos-1-garajes/671-M6653798,3104736731,573160232662,Inmobiliaria,Agencia Arenas Arenas,12,https://multimedia.metrocuadrado.com/671-M6653798/671-M6653798_41.jpg,True,"Apartamento en arriendo, ubicado en el sector de Miramar al norte de la Ciudad de Barranquilla, en un edificio con vigilancia privada las 24 Horas y zonas sociales de entretenimiento, piscina, gimnasio, canchas deportivas, salón comunal, zona BBQ, el edificio cuenta con 8 pisos y el apartamento se e"
MQ-13156-M6270008,Metrocuadrado,"Apartamento en Arriendo, San Vicente, Barranquilla",Apartamento,1700000,532000,2232000,28615,San Vicente,Norte,"San Vicente, Barranquilla",78.0,2,2,1,5,https://www.metrocuadrado.com/inmueble/arriendo-apartamento-barranquilla-san-vicente-2-habitaciones-2-banos-1-garajes/13156-M6270008,3218521992,573218521992,CERTAIN & PEZZANO GRUPO INMOBILIARIO S.A.S.,Asesor Comercial,12,https://multimedia.metrocuadrado.com/13156-M6270008/13156-M6270008_1185.jpg,True,"-Descubre este atractivo apartamento ubicado en la Zona Norte del Centro Histórico de Barranquilla, en el barrio San Vicente, un lugar que combina la tradición con la modernidad. Construido en 2010, este inmueble de estrato 5 se presenta como una opción ideal tanto para arriendo como para venta. Su "
MQ-23778-M7012042,Metrocuadrado,"Apartamento en Arriendo, Rio Alto, Barranquilla",Apartamento,2250000,0,2250000,44118,Rio Alto,Noroccidente,"Rio Alto, Barranquilla",51.0,2,2,0,4,https://www.metrocuadrado.com/inmueble/arriendo-apartamento-barranquilla-villa-carolina-2-habitaciones-2-banos/23778-M7012042,3507049400,573507049400,Inmobiliaria,LEONARDO VELASCO  LONDOÑO,8,https://multimedia.metrocuadrado.com/23778-M7012042/23778-M7012042_33.jpg,True,"Apartamento en arriendo en Río Alto, Barranquilla  Área 51 metros cuadrados  Características del inmueble      Orientación lado sombra máxima frescura.      Nuevo      Dos alcobas.      Dos baños completos.        Información y citas Valley Real Estate WhatsApp 350 704 9400"
MERGED-9851-M6595771-194289498,Metrocuadrado + Finca Raiz,"Apartamento en Arriendo en Altos de riomar, Barranquilla",Apartamento,1570912,689088,2260000,22600,Altos de Riomar,Noroccidente,"Riomar, Barranquilla, Atlántico, Colombia",100.0,3,3,2,6,https://www.metrocuadrado.com/inmueble/arriendo-apartamento-barranquilla-altos-de-riomar-3-habitaciones-2-banos-2-garajes/9851-M6595771,6053303333,573176969321,FINANCAR S.A / Grupo Arenas / INMOBILIARIA URBAFINCAS S.A.S,Asesor Comercial,66,https://multimedia.metrocuadrado.com/9851-M6595771/9851-M6595771_117.jpg,True,"Apartamento amplio, cómodo y muy bien ubicado, ideal para quienes buscan calidad de vida y cercanía a todo. Cuenta con tres habitaciones de buen tamaño, cada una con excelente iluminación natural y espacio para clósets; la habitación principal ofrece mayor amplitud y privacidad. Dispone de dos baños"
MQ-671-M6901154,Metrocuadrado,"Apartamento en Arriendo, San Vicente, Barranquilla",Apartamento,1900000,370000,2270000,16219,San Vicente,Norte,"San Vicente, Barranquilla",139.96,3,2,1,5,https://www.metrocuadrado.com/inmueble/arriendo-apartamento-barranquilla-san-vicente-3-habitaciones-2-banos-1-garajes/671-M6901154,3104736731,573160232662,Inmobiliaria,Agencia Arenas Arenas,12,https://multimedia.metrocuadrado.com/671-M6901154/671-M6901154_17.jpg,True,"Apartamento en Arriendoventa en la ciudad de Barranquilla ubicado en el barrio San Vicente, en un edificio  que cuenta con 4 pisos y el apartamento se encuentra ubicado en el piso 4, con un área aproximada de 139.96 mt2 , distribuidos en 3 habitaciones, 2 baños, sala - comedor, cocina integral, zona"
MQ-671-M7017801,Metrocuadrado,"Apartamento en Arriendo, Altos Del Prado, Barranquilla",Apartamento,1950000,332000,2282000,42259,Alto Prado,Norte,"Altos del Prado, Barranquilla",54.0,1,1,1,5,https://www.metrocuadrado.com/inmueble/arriendo-apartamento-barranquilla-alto-prado-1-habitaciones-1-banos-1-garajes/671-M7017801,3104736731,573160232662,CONINSA RAMON H. S.A. / Inmobiliaria,Agencia Arenas Arenas,24,https://multimedia.metrocuadrado.com/671-M7017801/671-M7017801_1.jpg,True,"Apartamento en arriendo en la ciudad de Barranquilla ubicado en el barrio Altos del Prado, en un edificio con vigilancia privada las 24 Horas y zonas sociales de entretenimiento, salón comunal, zona BBQ, zona infantil,  el edificio cuenta con 12 pisos y el apartamento se encuentra ubicado en el piso"
MQ-2398-M6648970,Metrocuadrado,"Apartamento en Arriendo, El Prado, Barranquilla",Apartamento,1800000,499000,2299000,38317,El Prado,Norte,"El Prado, Barranquilla",60.0,2,1,1,4,https://www.metrocuadrado.com/inmueble/arriendo-apartamento-barranquilla-el-prado-2-habitaciones-1-banos-1-garajes/2398-M6648970,6052517194,573169571403,INURBANAS S.A.S.,Asesor Comercial,12,https://multimedia.metrocuadrado.com/2398-M6648970/2398-M6648970_33.jpg,True,"CANON $1.800.000 INCLUIDA LA ADMINISTRACION - APARTAESTUDIO CONSTA DE 2 ALCOBA, 1 BAÑO, SALA.COMEDOR, COCINA SEMI INTEGRAL, AREA DE LABORES, DIVISIONES EN LOS BAÑOS Y BALCON. EL EDIFICIO CUENTA CON ASCENSOR, VIGILANCIA 247 Y GARAJE. EN CERCANIAS CUENTA CON PARQUES, COLEGIOS, SUPERMERCADOS, UNIVERSID"
MERGED-16553-M6120612-194140114,Metrocuadrado + Finca Raiz,"Apartamento en Arriendo en Villa santos, Barranquilla",Apartamento,2300000,0,2300000,19008,Villa Santos,Noroccidente,Carrera 49C # 100 - 33 Edificio Genesis Apto 2B,121.0,3,3,1,5,https://www.metrocuadrado.com/inmueble/arriendo-apartamento-barranquilla-villa-santos-3-habitaciones-3-banos-1-garajes/16553-M6120612,3012924451,573012924451,ASESORAR INMOBILIARIA DEL CARIBE S.A.S / Inmobiliaria,BENJAMIN BARRIOS MUNIVE,40,https://multimedia.metrocuadrado.com/16553-M6120612/16553-M6120612_161.jpg,True,"Arriendo y/o vendo apartamento de 121 Mt. Cuenta con sala-comedor, cocina integral, zona de labores, cuarto y baño de servicio, terraza, estudio, 3 habitaciones con sus closet,1 garaje. El edificio cuenta con portería, parqueadero, salón social."
MQ-671-M6820256,Metrocuadrado,"Casa en Arriendo, Paraiso, Barranquilla",Casa,2300000,0,2300000,24211,Paraiso,Norte,"Paraiso, Barranquilla",95.0,3,3,0,4,https://www.metrocuadrado.com/inmueble/arriendo-casa-barranquilla-paraiso-3-habitaciones-3-banos/671-M6820256,3104736731,573160232662,Inmobiliaria,Agencia Arenas Arenas,12,https://multimedia.metrocuadrado.com/671-M6820256/671-M6820256_1.jpg,True,"Casa Duplex en arriendo ubicada en la ciudad de Barranquilla sector Paraiso, con un área de 95 m²,  distribuidos en  3 habitaciones, 3 baños, más 1 baño auxiliar, sala comedor, cocina tipo americano, hall de alcobas, estudio, área de labores, deposito yo bodega, con buena distribución en sus áreas c"
MERGED-20424-M7100178-194331633,Metrocuadrado + Finca Raiz,"Apartamento en Arriendo, LA CAMPIÑA, Barranquilla",Apartamento,2300000,0,2300000,26744,La Campiña,Noroccidente,"Edificio Anyar, Carrera 43b, Norte Centro Historico, Barranquilla, Atlántico, Colombia",86.0,3,3,1,4,https://www.metrocuadrado.com/inmueble/arriendo-apartamento-barranquilla-la-campina-3-habitaciones-3-banos-1-garajes/20424-M7100178,3003203000,573003203000,Inmobiliaria / PIAZZA INMOBILIARIA,JOSE ALEJANDRO DIAZ GUTIERREZ,42,https://multimedia.metrocuadrado.com/20424-M7100178/20424-M7100178_1.jpg,True,"El precio publicado ya incluye el valor de la administración.   Apartamento en Arriendo en el Parque Venezuela en Barranquilla  Descubre este acogedor apartamento ubicado a pocos pasos del Parque Venezuela, en el tradicional y estratégico sector de El Tabor, al norte de Barranquilla.  Ubicado en un "
MERGED-9851-M7018380-194206761,Metrocuadrado + Finca Raiz,"Apartamento en Arriendo, VILLA CAROLINA   Noroccidente, Barranquilla",Apartamento,1953298,346702,2300000,28395,Villa Carolina,Norte,"Villa Carolina, Barranquilla",81.0,3,2,1,4,https://www.metrocuadrado.com/inmueble/arriendo-apartamento-barranquilla-villa-carolina-3-habitaciones-2-banos-1-garajes/9851-M7018380,6053303333,573176969321,CONINSA RAMON H. S.A. / FINANCAR S.A / Inmobiliaria / Persona natural / Tu Espacio Ya,Asesor Comercial,141,https://multimedia.metrocuadrado.com/9851-M7018380/9851-M7018380_20.jpg,True,"Para mayor información escribanos vía WhatsApp y uno de nuestros agentes inmobiliarios te atenderá.  Apartamento Sector Buenavista  Un apartamento con un patio encantador para disfrutar momentos al aire libre, ubicado en el exclusivo y tranquilo sector residencial Buenavista. Sin amoblar.  Espacios "
FR-193999873,Finca Raiz,"Apartamento en Arriendo en Ciudad jardin, Barranquilla",Apartamento,2300000,0,2300000,31944,Ciudad jardin,Norte,Ciudad jardín,72.0,2,2,1,5,https://www.fincaraiz.com.co/apartamento-en-arriendo-en-ciudad-jardin-barranquilla/193999873,37393,,Grupo Inmobiliario Hold House SAS,Grupo Inmobiliario Hold House SAS,9,https://cdn2.infocasas.com.uy/repo/img/6aaaeea55f9f8_infocdn__gr-arriendo-apto-en-ciudad-jardn-1784240453-3221-3382jpeg.jpeg,True,"Descubre este acogedor apartamento en arriendo en Ciudad Jardín, una de las zonas más tranquilas y estratégicas de la ciudad. Con 72 m², este inmueble ofrece una distribución funcional que incluye sala-comedor, balcón, cocina integral cerrada, 2 cómodas alcobas y 2 baños, ideales para disfrutar de m"
MERGED-MC7032147-194130272,Metrocuadrado + Finca Raiz,"Apartamento en Arriendo, MIRAMAR   Noroccidente, Barranquilla",Apartamento,2300000,0,2300000,33333,Miramar,Noroccidente,"Transversal 43 #100-50, Norte Centro Historico, Barranquilla, Atlántico, Colombia",69.0,3,2,1,4,https://www.metrocuadrado.com/inmueble/arriendo-apartamento-barranquilla-cr.-sorrento-3-habitaciones-2-banos-1-garajes/MC7032147,3174009707,573174009707,Adriana Shwartz / Persona natural,Ana Alemán,26,https://multimedia.metrocuadrado.com/MC7032147/MC7032147_1.jpg,True,"Apartamento en arriendo. Bien distribuido, Eificio Sorrento en Miramar. Cuenta con amenidades de entretenimiento social, teatrino, salón social, piscina, zona de juegos infantiles, cancha de basquetball y microfutboll, parqueadero asignado. Lado sombra y ubicado en piso 11 ofrece un ambiente fresco "
FR-194343144,Finca Raiz,Apartamento en Arriendo en Barranquilla,Apartamento,2300000,0,2300000,33824,Conjunto residencial villa campestre,Noroccidente,"Ciudad Mallorquin, Ciudad Mallorquin, Calle 2b, Riomar, Puerto Colombia, Atlántico, Colombia",68.0,2,2,1,4,https://www.fincaraiz.com.co/apartamento-en-arriendo-en-barranquilla/194343144,+5731,,GIOVANNA MENDEZ GARCIA,GIOVANNA MENDEZ GARCIA,19,https://cdn2.infocasas.com.uy/repo/img/6abea444a5b3b_infocdn__gtdygd8or7pmdmp9ri6ou5wxbtudutikeommiw1tjpg.jpg,True,"""Descubra la oportunidad de estrenar un apartamento excepcional, diseñado para quienes buscan confort y estilo. Ubicado en un privilegiado octavo piso, este inmueble ofrece acabados de alta calidad y una vista impresionante a la Ciénaga de Mallorquín. Disfrute de un espacio moderno que integra sala "
MQ-2361-M7025469,Metrocuadrado,"Apartamento en Arriendo, Villa Carolina, Barranquilla",Apartamento,2300000,0,2300000,44231,Villa Carolina,Norte,"Villa Carolina, Barranquilla",52.0,2,2,0,4,https://www.metrocuadrado.com/inmueble/arriendo-apartamento-barranquilla-villa-carolina-2-habitaciones-2-banos/2361-M7025469,3208899956,573103727777,BIENCO INMOBILIARIA,Asesor Comercial,12,https://multimedia.metrocuadrado.com/2361-M7025469/2361-M7025469_21.jpg,True,"Código Bienco 127993. En una exclusiva zona residencial de la ciudad se encuentra este moderno apartamento de 52m² en el Conjunto Residencial Cattleya, una opción ideal para quienes buscan comodidad, seguridad y estilo de vida activo. La propiedad cuenta con 2 habitaciones, 2 baños, piso en porcelan"
MQ-13957-M6901235,Metrocuadrado,"Apartamento en Arriendo, Miramar, Barranquilla",Apartamento,2300000,0,2300000,48936,Miramar,Noroccidente,"Miramar, Barranquilla",47.0,2,2,1,4,https://www.metrocuadrado.com/inmueble/arriendo-apartamento-barranquilla-miramar-2-habitaciones-2-banos/13957-M6901235,3241000082,573014726883,CONINSA RAMON H. S.A. / INURBANAS S.A.S.,Asesor Comercial,23,https://multimedia.metrocuadrado.com/13957-M6901235/13957-M6901235_32.jpg,True,"CONINSA ARRIENDA – Apartamento amoblado en Miramar Hermoso apartamento amoblado de 42 metros en el exclusivo sector de Miramar, con una excelente distribución que incluye sala-comedor, cocina integral, zona de labores, 2 alcobas y 2 baños, ideal para quienes buscan comodidad y funcionalidad. El conj"
MERGED-16553-M5639284-194267220,Metrocuadrado + Finca Raiz,"Apartamento en Arriendo en Villa country, Barranquilla",Apartamento,1650000,700000,2350000,18800,Villa Country,Norte,"Cl. 78 #55, Norte Centro Historico, Barranquilla, Atlántico, Colombia",125.0,3,3,1,6,https://www.metrocuadrado.com/inmueble/arriendo-apartamento-barranquilla-villa-country-3-habitaciones-3-banos-1-garajes/16553-M5639284,3012924451,573012924451,Agencia Linesco / CONINSA RAMON H. S.A. / FINANCAR S.A / Financar S.A. / Inmobiliaria,BENJAMIN BARRIOS MUNIVE,141,https://multimedia.metrocuadrado.com/16553-M5639284/16553-M5639284_45.jpg,True,"CONINSA ARRIENDA – Apartamento en Villa Country Amplio apartamento de 115 metros ubicado en el exclusivo sector de Villa Country, con una excelente distribución que incluye sala-comedor, cocina integral, zona de labores, 3 alcobas, 3 baños y cuarto de servicio con baño, ideal para familias que busca"
MQ-671-M6826030,Metrocuadrado,"Apartamento en Arriendo, El Tabor, Barranquilla",Apartamento,2000000,389745,2389745,53105,El Tabor,Noroccidente,"El Tabor, Barranquilla",45.0,1,1,1,5,https://www.metrocuadrado.com/inmueble/arriendo-apartamento-barranquilla-el-tabor-1-habitaciones-1-banos-1-garajes/671-M6826030,3104736731,573160232662,Inmobiliaria,Agencia Arenas Arenas,12,https://multimedia.metrocuadrado.com/671-M6826030/671-M6826030_21.jpg,True,"Apartamento en Arriendo en la ciudad de Barranquilla ubicado en el barrio tabor, en un edificio con vigilancia privada las 24 Horas y zonas sociales de entretenimiento, el edificio cuenta con 13 pisos y el apartamento se encuentra en piso 10, con un área aproximada de 45 mt2 , distribuidos en 1 habi"
FR-194177519,Finca Raiz,"Apartamento en Arriendo en Ciudad jardin, Barranquilla",Apartamento,1800000,600000,2400000,20000,Ciudad jardin,Norte,Calle 79 B # 42 - 262,120.0,3,2,1,4,https://www.fincaraiz.com.co/apartamento-en-arriendo-en-ciudad-jardin-barranquilla/194177519,+5732,,Grupo Arenas,Grupo Arenas,17,https://cdn2.infocasas.com.uy/repo/img/6a91af982a473_infocdn__86148-1-1787928514jpg.jpg,True,"Apartamento en arriendo ubicado en la ciudad de Barranquilla sector Ciudad Jardín, cuenta con un área aproximada de 48.77.mt2,  distribuidos en 3 habitaciones, 2 baños, sala comedor, cocina semi integral, hall de alcobas, área de labores y 1 parqueadero,  con  buena distribución en sus áreas con amp"
MQ-16553-M7000715,Metrocuadrado,"Apartamento en Arriendo, Villa Santos, Barranquilla",Apartamento,2400000,0,2400000,26667,Villa Santos,Noroccidente,"Villa Santos, Barranquilla",90.0,2,3,1,5,https://www.metrocuadrado.com/inmueble/arriendo-apartamento-barranquilla-villa-santos-2-habitaciones-3-banos-1-garajes/16553-M7000715,3012924451,573012924451,Inmobiliaria,BENJAMIN BARRIOS MUNIVE,12,https://multimedia.metrocuadrado.com/16553-M7000715/16553-M7000715_1.jpg,True,"En el corazón de la Zona Riomar, específicamente en el barrio Villa Santos de Barranquilla, se encuentra un apartamento construido en 2015 que representa una oportunidad única para aquellos que buscan un espacio de vivienda con un alto potencial comercial. Este inmueble, ubicado en un estrato 5, se "
MQ-671-M6944915,Metrocuadrado,"Apartamento en Arriendo, Paraiso, Barranquilla",Apartamento,1892000,508000,2400000,29630,Paraiso,Norte,"Paraiso, Barranquilla",81.0,2,2,1,4,https://www.metrocuadrado.com/inmueble/arriendo-apartamento-barranquilla-paraiso-2-habitaciones-2-banos-1-garajes/671-M6944915,3104736731,573160232662,Inmobiliaria,Agencia Arenas Arenas,12,https://multimedia.metrocuadrado.com/671-M6944915/671-M6944915_41.jpg,True,"Apartamento en arriendo ubicado en la ciudad de Barranquilla sector Paraiso, en un edificio con vigilancia privada, zonas sociales de entretenimiento, piscina, salón social, parque infantil, el edificio cuenta con 16 pisos y el apartamento se encuentra ubicado en el  piso 3, con un área de 81 m²,  d"
MQ-18514-M5489159,Metrocuadrado,"Apartamento en Arriendo, La Campiña, Barranquilla",Apartamento,2400000,0,2400000,30000,La Campiña,Noroccidente,"La Campiña, Barranquilla",80.0,2,2,1,5,https://www.metrocuadrado.com/inmueble/arriendo-apartamento-barranquilla-la-campina-2-habitaciones-2-banos-1-garajes/18514-M5489159,3118886876,573118886876,Inmobiliaria,CARMEN JULIA SEGEBRE  ELJADUE,22,https://multimedia.metrocuadrado.com/18514-M5489159/18514-M5489159_33.jpg,True,"Descubre un estilo de vida moderno en este excelente apartamento en arriendo, ubicado en el dinámico sector de La Campiña, en Barranquilla. Construido en mayo de 2013 y en buen estado, es ideal para quienes buscan comodidad. Con un área de 75,5 m², ofrece espacios amplios, iluminados y funcionales. "
MERGED-21520-M6557871-194160159,Metrocuadrado + Finca Raiz,"Apartamento en Arriendo en Ciudad Mallorquin, Barranquilla",Apartamento,2400000,0,2400000,34783,Ciudad Mallorquin,Noroccidente,"Conjunto Mallorca - Ciudad Mallorquín, Calle 1C #20 -79, Sabanilla Montecarmelo, Puerto Colombia, Atlántico, Colombia",69.0,2,2,2,5,https://www.metrocuadrado.com/inmueble/arriendo-apartamento-barranquilla-ciudad-mallorquin-2-habitaciones-2-banos-2-garajes/21520-M6557871,3136277944,573136277944,Inmobiliaria / Jose / Tu Espacio Ya,FANNY YUNEZ MEDINA,56,https://multimedia.metrocuadrado.com/21520-M6557871/21520-M6557871_9.jpg,True,"Estrene apartamento en el piso 15 con una vista privilegiada hacia la Ciénaga de Mallorquín, el mar Caribe y el río Magdalena. Disfrute de un entorno natural único, excelente iluminación y ventilación, en uno de los sectores con mayor proyección de valorización del área metropolitana de Barranquilla"
MQ-MC6964094,Metrocuadrado,"Apartamento en Arriendo, PARAISO   Noroccidente, Barranquilla",Apartamento,2400000,0,2400000,36364,Paraiso,Noroccidente,"Paraiso, Barranquilla",66.0,3,2,1,4,https://www.metrocuadrado.com/inmueble/arriendo-apartamento-barranquilla-cr.-madeira-3-habitaciones-2-banos-1-garajes/MC6964094,3153949652,573153949652,Persona natural,Daniela Santos,12,https://multimedia.metrocuadrado.com/MC6964094/MC6964094_1.jpg,True,"Hermoso apartamento ubicado al norte de la ciudad de Barranquilla, con vista al malecón del Río, lado sombra, cuenta con sala, comedor, cocina integral, zona de labores, 3 habitaciones con clóset, habitación principal con baño privado, baño social, el apartamento cuenta con parqueadero privado y cua"
MQ-13957-M7099492,Metrocuadrado,"Apartamento en Arriendo, Miramar, Barranquilla",Apartamento,2400000,0,2400000,37500,Miramar,Noroccidente,"Miramar, Barranquilla",64.0,2,2,0,4,https://www.metrocuadrado.com/inmueble/arriendo-apartamento-barranquilla-miramar-2-habitaciones-2-banos/13957-M7099492,3102668256,573014726883,CONINSA RAMON H. S.A.,Asesor Comercial,12,https://multimedia.metrocuadrado.com/13957-M7099492/13957-M7099492_21.jpg,True,"CONINSA ARRIENDA APARTAMENTO EN MIRAMAR Excelente apartamento de 64 metros, ubicado en el sector de Miramar, al norte de Barranquilla. Cuenta con sala comedor, balcón, cocina integral, zona de labores, 2 alcobas, 2 baños, estudio abierto y parqueadero privado. El conjunto residencial ofrece vigilanc"
MQ-18260-M5418401,Metrocuadrado,"Apartamento en Arriendo, Villa Paraiso, Barranquilla",Apartamento,2200000,200000,2400000,53333,Villa Paraiso,Noroccidente,"Villa Paraiso, Barranquilla",45.0,1,1,1,4,https://www.metrocuadrado.com/inmueble/arriendo-apartamento-barranquilla-el-limoncito-1-habitaciones-1-banos-1-garajes/18260-M5418401,3157227537,573157227537,Inmobiliaria,ELIAS MOISES SAIEH  PACHECO,6,https://multimedia.metrocuadrado.com/18260-M5418401/18260-M5418401_1.jpg,True,"Descubre este exclusivo apartaestudio amoblado ubicado en una de las zonas más privilegiadas de la ciudad. Con 1 habitación, 1 baño, cocina integral y 1 parqueadero, este inmueble de 45 metros cuadrados ofrece comodidad y elegancia en cada rincón. Su diseño moderno y acabados de alta calidad lo conv"
MQ-16295-M7085000,Metrocuadrado,"Apartamento en Arriendo, LOS ALPES, Barranquilla",Apartamento,2400000,10000,2410000,65135,Los Alpes,Noroccidente,"Los Alpes, Barranquilla",37.0,1,1,1,4,https://www.metrocuadrado.com/inmueble/arriendo-apartamento-barranquilla-los-alpes-1-habitaciones-1-banos-1-garajes/16295-M7085000,3013963006,573013963006,Inmobiliaria,HECTOR ELIAS VILLADA IDARRAGA,12,https://multimedia.metrocuadrado.com/16295-M7085000/16295-M7085000_4.jpg,True,"Apartamento Amoblado en Arriendo en Los Alpes. Cerca a supermercados, restaurantes, colegios, universidades, parques y rutas de transporte público. Cuenta con 1 habitación, 1 baño, Closet en alcoba, sala comedor, 1 balcón en alcoba principal, cocina integral abierta, tipo americano con estufa, campa"
MERGED-16553-M7051929-194252637,Metrocuadrado + Finca Raiz,"Apartamento en Arriendo en Villa country, Barranquilla",Apartamento,2420000,0,2420000,21043,Villa Country,Norte,"Villa Country, Barranquilla",115.0,2,3,1,5,https://www.metrocuadrado.com/inmueble/arriendo-apartamento-barranquilla-villa-country-2-habitaciones-3-banos-1-garajes/16553-M7051929,3012924451,573012924451,ASESORAR INMOBILIARIA DEL CARIBE S.A.S / Inmobiliaria,BENJAMIN BARRIOS MUNIVE,30,https://multimedia.metrocuadrado.com/16553-M7051929/16553-M7051929_1.jpg,True,"En el corazón de Barranquilla, en la prestigiosa zona norte del Centro Histórico, se encuentra un apartamento que representa una excelente opción para quienes buscan un espacio de vivienda cómodo y accesible. Construido en 2010, este inmueble de estrato 5 ofrece una distribución funcional que se ada"
MQ-16295-M5698612,Metrocuadrado,"Apartamento en Arriendo, LA CUMBRE, Barranquilla",Apartamento,2430000,0,2430000,40500,La Cumbre,Noroccidente,"La Cumbre, Barranquilla",60.0,1,1,1,5,https://www.metrocuadrado.com/inmueble/arriendo-apartamento-barranquilla-el-tabor-1-habitaciones-1-banos-1-garajes/16295-M5698612,3013963006,573013963006,Inmobiliaria,HECTOR ELIAS VILLADA IDARRAGA,12,https://multimedia.metrocuadrado.com/16295-M5698612/16295-M5698612_1.jpg,True,"Apartamento en arriendo en La Cumbre, ubicado en unidad cerrada cerca a centros comerciales, supermercados, restaurantes, parques, colegios, rutas de transporte público. Cuenta con 1 habitacion, 1 baño, sala comedor, pisos en porcelanato, estufa, campana y hornos empotrados, cocina integral con mesó"
MQ-23769-M7006578,Metrocuadrado,"Apartamento en Arriendo, Paraiso, Barranquilla",Apartamento,2200000,230000,2430000,45000,Paraiso,Noroccidente,"Paraiso, Barranquilla",54.0,2,2,1,4,https://www.metrocuadrado.com/inmueble/arriendo-apartamento-barranquilla-batallon-infanteria-2-habitaciones-2-banos-1-garajes/23769-M7006578,3163344763,573163344763,Inmobiliaria,GINA DEL SOCORRO BARRAZA SANJUAN,12,https://multimedia.metrocuadrado.com/23769-M7006578/23769-M7006578_1.jpg,True,"SE ARRIENDA APARTAMENTO AMOBLADO  Área 54 MTS  2 Habitaciones  2 Baños  Sala  Comedor  Cocina  Este apartamento está amoblado y equipado, el edificio cuenta con piscina, gimnasio y salon comunal.  CODIGO PRESTIGIO 109-55"
MERGED-671-M7108847-193231480,Metrocuadrado + Finca Raiz,"Apartamento en Arriendo en San vicente, Barranquilla",Apartamento,2000000,432000,2432000,31179,San Vicente,Norte,"San Vicente, Barranquilla",78.0,2,2,1,5,https://www.metrocuadrado.com/inmueble/arriendo-apartamento-barranquilla-san-vicente-2-habitaciones-2-banos-1-garajes/671-M7108847,3104736731,573160232662,Inmobiliaria / Issa Saieh Inmobiliaria,Agencia Arenas Arenas,24,https://multimedia.metrocuadrado.com/671-M7108847/671-M7108847_13.jpg,True,"Apartamento en arriendo ubicado en la ciudad de Barranquilla  en el barrio San Vicente, en un edificio con vigilancia privada las 24 Horas  el edificio cuenta con 10 pisos y el inmueble se encuentra ubicado en el piso 9, con un área aproximada de 78.00 mt2 , distribuidos en 2 habitaciones, 2 baños, "
MQ-16295-M5724974,Metrocuadrado,"Apartamento en Arriendo, VILLA COUNTRY, Barranquilla",Apartamento,2450000,0,2450000,39516,Villa Country,Noroccidente,"Villa Country, Barranquilla",62.0,2,1,1,6,https://www.metrocuadrado.com/inmueble/arriendo-apartamento-barranquilla-villa-country-2-habitaciones-1-banos-1-garajes/16295-M5724974,3013963006,573013963006,Inmobiliaria,HECTOR ELIAS VILLADA IDARRAGA,12,https://multimedia.metrocuadrado.com/16295-M5724974/16295-M5724974_1.jpg,True,"Apartamento en arriendo en Villa Country, ubicado en unidad cerrada cerca a centros comerciales, supermercados, parques, colegios, rutas de transporte publico. Cuenta con 2 habitaciones, 1 baño, sala comedor, cocina integral tipo americano con meson en granito, pisos en ceramica, zona de ropas, circ"
FR-193476035,Finca Raiz,"Apartamento en Arriendo en Villa santos, Barranquilla",Apartamento,1850000,600495,2450495,21686,Villa santos,Noroccidente,Calle 107 # 49E - 60,113.0,3,2,1,5,https://www.fincaraiz.com.co/apartamento-en-arriendo-en-villa-santos-barranquilla/193476035,+5732,,Certain Pezzano,Certain Pezzano,17,https://cdn2.infocasas.com.uy/repo/img/6abb24f5a17b3_infocdn__121514278-1-1784232111jpg.jpg,True,"Descubre la oportunidad de arriendo de este acogedor apartamento de 113M2, 3 habitaciones, 2 baños, cuarto + baño de servicio, 1 parqueadero, ubicado en la vibrante Zona Norte del Centro Histórico de Barranquilla, en el barrio Villa Santos. Este inmueble, construido en el año 2000, se encuentra en u"
MQ-13156-M7107320,Metrocuadrado,"Apartamento en Arriendo, Miramar, Barranquilla",Apartamento,2100000,368000,2468000,28368,Miramar,Noroccidente,"Miramar, Barranquilla",87.0,3,2,1,4,https://www.metrocuadrado.com/inmueble/arriendo-apartamento-barranquilla-miramar-3-habitaciones-2-banos-1-garajes/13156-M7107320,3218521992,573218521992,CERTAIN & PEZZANO GRUPO INMOBILIARIO S.A.S.,Asesor Comercial,12,https://multimedia.metrocuadrado.com/13156-M7107320/13156-M7107320_81.jpg,True,"Tu próximo hogar te espera en el exclusivo y valorizado sector de Miramar, Barranquilla. Este cómodo apartamento de 87 m² cuenta con 3 habitaciones, 2 baños, amplia sala-comedor, balcón, cocina integral, zona de labores y parqueadero. Disfruta de excelente iluminación y ventilación natural, creando "
MQ-18514-M6137562,Metrocuadrado,"Apartamento en Arriendo, San Vicente, Barranquilla",Apartamento,2100000,368000,2468000,36836,San Vicente,Norte,"San Vicente, Barranquilla",67.0,2,1,1,5,https://www.metrocuadrado.com/inmueble/arriendo-apartamento-barranquilla-san-vicente-2-habitaciones-1-banos-1-garajes/18514-M6137562,3118886876,573118886876,Inmobiliaria,CARMEN JULIA SEGEBRE  ELJADUE,12,https://multimedia.metrocuadrado.com/18514-M6137562/18514-M6137562_32.jpg,True,"SEGEBRE INMOBILIARIA ARRIENDA. Apartamento en Barranquilla. Este tradicional y conservador apartamento cuenta con 67 metros cuadrados distribuidos en 2 habitaciones con closet más habitación de servicio, 1 baño más baño de servicio, cocina integral, zona de labores, respectiva sala comedor y 1 parqu"
MQ-130-M6753145,Metrocuadrado,"Apartamento en Arriendo, Andalucia, Barranquilla",Apartamento,2000000,480000,2480000,21053,Andalucia,Noroccidente,"Andalucia, Barranquilla",117.8,3,2,1,5,https://www.metrocuadrado.com/inmueble/arriendo-apartamento-barranquilla-andalucia-3-habitaciones-2-banos-1-garajes/130-M6753145,3203509099,573124639876,Inmobiliaria,ALIADOS INMOBILIARIOS,12,https://multimedia.metrocuadrado.com/130-M6753145/130-M6753145_18.jpg,True,"Apartamento amplio consta de 117.80 M2, sala, comedor, cocina tradicional sencilla, zona de labores, habitación principal con closet y baño interno, alcobas auxiliares dos con closet, baño auxiliar, pisos en granito, Edificio cuenta con parqueadero y vigilancia, excelente ubicacion al norte, zona re"
MQ-2398-M6781525,Metrocuadrado,"Apartamento en Arriendo, Miramar, Barranquilla",Apartamento,2490000,0,2490000,51875,Miramar,Noroccidente,"Miramar, Barranquilla",48.0,2,2,1,4,https://www.metrocuadrado.com/inmueble/arriendo-apartamento-barranquilla-miramar-2-habitaciones-2-banos/2398-M6781525,6052517194,573169571403,INURBANAS S.A.S. / Inmobiliaria,Asesor Comercial,24,https://multimedia.metrocuadrado.com/2398-M6781525/2398-M6781525_81.jpg,True,"¡Oportunidad única! Arriendo totalmente Amoblado Apartamento en Conjunto Residencial en Miramar. Con solo un año de uso. Ubicado en el primer piso, cuenta con 48m², 2 habitaciones con baño y closet, sala, comedor, estudio, cocina integral y garaje independiente. El conjunto ofrece 3 salones comunale"
MQ-2171-M6737236,Metrocuadrado,"Apartamento en Arriendo, La Cumbre, Barranquilla",Apartamento,2500000,0,2500000,16667,La Cumbre,Noroccidente,"La Cumbre, Barranquilla",150.0,3,2,1,6,https://www.metrocuadrado.com/inmueble/arriendo-apartamento-barranquilla-la-cumbre-3-habitaciones-2-banos-1-garajes/2171-M6737236,3367500,573183414013,SALES INMOBILIARIA,Asesor Comercial,5,https://multimedia.metrocuadrado.com/2171-M6737236/2171-M6737236_11.jpg,True,Vive la comodidad y el estilo que mereces con este moderno apartamento  diseñado para potenciar tu calidad de vida y ofrecerte un espacio perfecto para disfrutar  invertir y crecer. Cod. Interno 9559
FR-191776392,Finca Raiz,"Apartamento en  Arriendo en El porvenir, Barranquilla",Apartamento,1955000,545000,2500000,17857,El porvenir,Noroccidente,Carrera 47 # 84 - 132 Apto 4A Edificio LANZEROTI,140.0,3,3,2,5,https://www.fincaraiz.com.co/apartamento-en-arriendo-en-el-porvenir-barranquilla/191776392,+5731,,Financar S.A.,Financar S.A.,17,https://cdn2.infocasas.com.uy/repo/img/6a712631db39d_infocdn__790-0-45729376jpg.jpg,True,"APARTAMENTO EN BUEN ESTADO, AMPLIO, FRESCO. BUENA UBICACIÓN, ZONA RESIDENCIAL, CERCA DE VÍAS PRINCIPALES."
MQ-MC7078561,Metrocuadrado,"Apartamento en Arriendo, ALTOS DEL PRADO   Noroccidente, Barranquilla",Apartamento,2500000,0,2500000,21368,Altos del Prado,Noroccidente,"Altos del Prado, Barranquilla",117.0,2,2,2,6,https://www.metrocuadrado.com/inmueble/arriendo-apartamento-barranquilla-riomar-2-habitaciones-2-banos-2-garajes/MC7078561,3144656205,573144656205,Persona natural,tatiana benavides,12,https://multimedia.metrocuadrado.com/MC7078561/MC7078561_15.jpg,True,Para mayor información escribanos vía WhatsApp y uno de nuestros agentes inmobiliarios te atenderá. Hermoso apto de 117 metros ² en uno de los sectores más exclusivos de Barranquilla. dos habitaciones mas walk-in closet Estar de alcobas Sala-comedor ¿ cocina abierta Zona de labores mas balcón dos ba
FR-194074500,Finca Raiz,"Apartamento en Arriendo en Altos de riomar, Barranquilla",Apartamento,2500000,0,2500000,23585,Altos de riomar,Noroccidente,calle 90 n °53-17 apto 201 torre 2,106.0,3,2,1,5,https://www.fincaraiz.com.co/apartamento-en-arriendo-en-altos-de-riomar-barranquilla/194074500,+5732,,IGAMA S.A,IGAMA S.A,8,https://cdn2.infocasas.com.uy/repo/img/6a7257bec7582_infocdn__5189-1-1785853489jpg.jpg,True,"En el corazón de la Zona Riomar, específicamente en el barrio Altos de Riomar, se encuentra un apartamento que representa una valiosa oportunidad para quienes buscan establecer un hogar en una de las áreas más dinámicas de Barranquilla. Con un área de 106 m², este inmueble ofrece un espacio funciona"
MQ-18260-M6937984,Metrocuadrado,"Apartamento en Arriendo, La Campiña, Barranquilla",Apartamento,1799000,701000,2500000,24272,La Campiña,Noroccidente,"La Campiña, Barranquilla",103.0,3,2,1,5,https://www.metrocuadrado.com/inmueble/arriendo-apartamento-barranquilla-la-campina-3-habitaciones-2-banos-1-garajes/18260-M6937984,3157227537,573157227537,Inmobiliaria,ELIAS MOISES SAIEH  PACHECO,12,https://multimedia.metrocuadrado.com/18260-M6937984/18260-M6937984_1.jpg,True,"¡Vive como lo mereces! En arriendo apartamento moderno dúplex de 103 m2 ubicado en sector norte de la ciudad. Consta de 3 habitaciones, sala, comedor, cocina integral, 2 baños + baño social, estudio, cuarto de servicio, área de labores y balcón. El edificio tiene acceso a parqueadero, salón social, "
MQ-MC7056062,Metrocuadrado,"Apartamento en Arriendo, ALTOS DEL PRADO   Noroccidente, Barranquilla",Apartamento,2500000,0,2500000,24752,Altos del Prado,Noroccidente,"Altos del Prado, Barranquilla",101.0,2,3,1,4,https://www.metrocuadrado.com/inmueble/arriendo-apartamento-barranquilla-el-prado-2-habitaciones-3-banos-1-garajes/MC7056062,3153940919,573153940919,Persona natural,ALFREDO ALFREDO,12,https://multimedia.metrocuadrado.com/MC7056062/MC7056062_1.jpg,True,"Apto amplio y muy fresco con brisas del rio Magdalena. No siempre se necesita aire acondicionado. Apto remodelado con acabados de lujo. Dos habitaciones amplias, cada una  con baño y un baño de visitas. Vistas hacia la cra 53 y hacia el hotel El Prado. Agua caliente en las duchas. Derecho a un parqu"
MQ-MC7078240,Metrocuadrado,"Apartamento en Arriendo, BUENAVISTA   Noroccidente, Barranquilla",Apartamento,2500000,0,2500000,25773,Buenavista,Noroccidente,"Buenavista, Barranquilla",97.0,2,3,1,5,https://www.metrocuadrado.com/inmueble/arriendo-apartamento-barranquilla-cr.-bora-2-habitaciones-3-banos-1-garajes/MC7078240,3144748710,573144748710,Persona natural,german villegas,12,https://multimedia.metrocuadrado.com/MC7078240/MC7078240_7.jpg,True,Para mayor información escribanos vía WhatsApp y uno de nuestros agentes inmobiliarios te atenderá. RENTO HERMOSO APTO EN SECTOR RIO ALTO BUENAVISTA. APTO DE 2 ALCOBAS SALA COMEDOR COSINA Y BALCON AMPLIO HERMOSAS AREAS COMUNES.
MQ-2398-M5586880,Metrocuadrado,"Apartamento en Arriendo, Altos De Riomar, Barranquilla",Apartamento,2500000,0,2500000,26316,Altos de Riomar,Noroccidente,"Altos de Riomar, Barranquilla",95.0,2,2,2,5,https://www.metrocuadrado.com/inmueble/arriendo-apartamento-barranquilla-altos-de-riomar-2-habitaciones-2-banos-2-garajes/2398-M5586880,6052517194,573169571403,CONINSA RAMON H. S.A. / INURBANAS S.A.S.,Asesor Comercial,24,https://multimedia.metrocuadrado.com/2398-M5586880/2398-M5586880_31.jpg,True,"CONINSA ARRIENDA – Apartamento en Riomar Amplio apartamento en primer piso de 91 metros de área privada, ubicado en el sector de Riomar,  Cuenta con sala, comedor, 2 alcobas con sus closets, 2 baños, cocina, hall y alcoba de servicio con baño, ofreciendo espacios cómodos y funcionales para toda la f"
MQ-18260-M6483570,Metrocuadrado,"Apartamento en Arriendo, Villa Santos, Barranquilla",Apartamento,2040000,460000,2500000,27174,Villa Santos,Noroccidente,"Villa Santos, Barranquilla",92.0,3,3,1,5,https://www.metrocuadrado.com/inmueble/arriendo-apartamento-barranquilla-villa-santos-3-habitaciones-3-banos-1-garajes/18260-M6483570,3157227537,573157227537,Inmobiliaria,ELIAS MOISES SAIEH  PACHECO,19,https://multimedia.metrocuadrado.com/18260-M6483570/18260-M6483570_1.jpg,True,"**Apartamento en Arriendo en Villa Santos, Barranquilla**  En el tradicional y tranquilo barrio Villa Santos, este amplio apartamento de 92 m² ofrece espacios generosos, excelente distribución y un ambiente fresco y agradable. Se encuentra en muy buen estado y listo para disfrutar.  Cuenta con 3 hab"
MQ-2398-M5403956,Metrocuadrado,"Apartamento en Arriendo, Paraiso, Barranquilla",Apartamento,2500000,0,2500000,27778,Paraiso,Noroccidente,"Paraiso, Barranquilla",90.0,3,2,1,4,https://www.metrocuadrado.com/inmueble/arriendo-apartamento-barranquilla-paraiso-3-habitaciones-2-banos-1-garajes/2398-M5403956,6052517194,573169571403,INURBANAS S.A.S. / Inmobiliaria,Asesor Comercial,24,https://multimedia.metrocuadrado.com/2398-M5403956/2398-M5403956_40.jpg,True,"Apartamento amoblado de 85 m², ubicado en el barrio Paraíso, al norte de Barranquilla, una zona residencial que se destaca por su tranquilidad y excelente ubicación. El inmueble cuenta con una distribución funcional que incluye 3 habitaciones, 2 baños, amplia sala-comedor, cocina integral y espacios"
FR-193957120,Finca Raiz,"Apartamento en Arriendo en Altos de riomar, Barranquilla",Apartamento,2500000,0,2500000,29412,Altos de riomar,Noroccidente,"Altos de Riomar, Riomar, Barranquilla, Atlántico, Colombia",85.0,2,3,1,,https://www.fincaraiz.com.co/apartamento-en-arriendo-en-altos-de-riomar-barranquilla/193957120,+5731,,INMOBILIARIA URBAFINCAS S.A.S,INMOBILIARIA URBAFINCAS S.A.S,12,https://cdn2.infocasas.com.uy/repo/img/6a4bbf50aa9c3_infocdn__kgageojoaybldgv4mt7hvyifnlcqza3rffuvlb2ejpg.jpg,True,"? Apartamento en arriendo – Altos de Riomar  Excelente apartamento ubicado en el exclusivo sector de Altos de Riomar, cerca al Centro Comercial Viva, colegios y con fácil acceso a rutas de buses.  ✨ Características: • 2 alcobas, cada una con baño privado y clóset • Baño auxiliar • Sala – comedor • C"
MQ-18514-M6793259,Metrocuadrado,"Apartamento en Arriendo, El Prado, Barranquilla",Apartamento,2500000,0,2500000,29762,El Prado,Norte,"El Prado, Barranquilla",84.0,2,2,1,4,https://www.metrocuadrado.com/inmueble/arriendo-apartamento-barranquilla-el-prado-2-habitaciones-2-banos-1-garajes/18514-M6793259,3118886876,573118886876,Inmobiliaria,CARMEN JULIA SEGEBRE  ELJADUE,9,https://multimedia.metrocuadrado.com/18514-M6793259/18514-M6793259_1.jpg,True,"Segebre Inmobiliaria arriendavende apartamento en sector del prado, El apartamento Consta de 2 habitaciones, 2 baños, sala, comedor, 1 baños social, Citófono, cuarto de servicio, cocina  zona de colgar ropa. el edificio cuenta con ascensor. COD.2136"
MQ-9889-M4361051,Metrocuadrado,"Apartamento en Arriendo, Los Alpes, Barranquilla",Apartamento,2500000,0,2500000,30488,Los Alpes,Noroccidente,"Los Alpes, Barranquilla",82.0,3,2,1,4,https://www.metrocuadrado.com/inmueble/arriendo-apartamento-barranquilla-los-alpes-3-habitaciones-2-banos-1-garajes/9889-M4361051,3151539929,573151539929,ARIZA Y CORREA LTDA,Asesor Comercial,12,https://multimedia.metrocuadrado.com/9889-M4361051/9889-M4361051_49.jpg,True,"Apartamento en arriendo ubicado en el barrio los alpes, barrio tranquilo, central y muy residencial. cuenta con 3 habitaciones, 2 baños, cocina integral, zona de labores y parqueadero, piso 2 con acceso por escaleras. Cercano a supermercados y centro comerciales"
MQ-13957-M6989935,Metrocuadrado,"Apartamento en Arriendo, Villa Carolina, Barranquilla",Apartamento,2500000,0,2500000,32051,Villa Carolina,Norte,"Villa Carolina, Barranquilla",78.0,2,2,0,4,https://www.metrocuadrado.com/inmueble/arriendo-apartamento-barranquilla-villa-carolina-2-habitaciones-2-banos/13957-M6989935,3241000082,573014726883,CONINSA RAMON H. S.A.,Asesor Comercial,12,https://multimedia.metrocuadrado.com/13957-M6989935/13957-M6989935_58.jpg,True,"CONINSA ARRIENDA apartamento de 78 metros en Villa Carolina, sector residencial y de excelente ubicación. Cuenta con sala-comedor, balcón, cocina integral, zona de labores, estudio, sala de estar, 2 alcobas y 2 baños. El conjunto cerrado ofrece vigilancia 24 horas, ascensor, zona infantil, piscina p"
MQ-23766-M7103404,Metrocuadrado,"Apartamento en Arriendo, EL TABOR, Barranquilla",Apartamento,2500000,0,2500000,32895,El Tabor,Noroccidente,"El Tabor, Barranquilla",76.0,2,2,1,5,https://www.metrocuadrado.com/inmueble/arriendo-apartamento-barranquilla-el-tabor-2-habitaciones-2-banos-1-garajes/23766-M7103404,3102585793,573102585793,Inmobiliaria,MONICA TERESA DIAZ GRANADOS DE LACOUTURE,7,https://multimedia.metrocuadrado.com/23766-M7103404/23766-M7103404_1.jpg,True,"¡Magnífica oportunidad de inversión en una de las mejores zonas de Barranquilla! Este acogedor apartamento de 70 m² ofrece un diseño moderno y funcional con espacios perfectamente distribuidos para su comodidad. Cuenta con 2 amplias habitaciones, siendo la principal privilegiada con un balcón privad"
MQ-16553-M5671062,Metrocuadrado,"Apartamento en Arriendo, Villa Santos, Barranquilla",Apartamento,2500000,0,2500000,33333,Villa Santos,Noroccidente,"Villa Santos, Barranquilla",75.0,1,2,1,6,https://www.metrocuadrado.com/inmueble/arriendo-apartamento-barranquilla-villa-santos-1-habitaciones-2-banos-1-garajes/16553-M5671062,3012922685,573012924451,Inmobiliaria,BENJAMIN BARRIOS MUNIVE,12,https://multimedia.metrocuadrado.com/16553-M5671062/16553-M5671062_113.jpg,True,"Se Arrienda apartamento amoblado de 75 m2, cuenta con juego de sala, nevera, estufa, lavadora,  1 habitaciones con aire acondicionado y 2 baños, a pocos paso de centro comerciales, parques,  fácil acceso, transporte publico cercano."
MQ-9851-M5466471,Metrocuadrado,"Apartamento en Arriendo, Villa Santos, Barranquilla",Apartamento,2053700,446300,2500000,40232,Villa Santos,Noroccidente,"Villa Santos, Barranquilla",62.14,2,2,1,5,https://www.metrocuadrado.com/inmueble/arriendo-apartamento-barranquilla-villa-santos-2-habitaciones-2-banos-1-garajes/9851-M5466471,6053303333,573176969321,FINANCAR S.A,Asesor Comercial,12,https://multimedia.metrocuadrado.com/9851-M5466471/9851-M5466471_36.jpg,True,"EXCELENTE APARTAMENTO, AMPLIO, FRESCO,BIEN ILUMINADO, BALCÓN.  CUENTA CON COCINA INTEGRAL  ABIERTA , PISOS EN CERÁMICA. EDIFICIO OFRECE PISCINA ,SALÓN SOCIAL, GIMNASIO . BUENA UBICACIÓN, CERCA DEL CENTRO COMERCIAL BUENAVISTA , MAKRO, PRICESMART, EXCELENTE VISTA."
MQ-18260-M6227180,Metrocuadrado,"Apartamento en Arriendo, Paraiso, Barranquilla",Apartamento,2250000,250000,2500000,43860,Paraiso,Norte,"Paraiso, Barranquilla",57.0,3,2,1,4,https://www.metrocuadrado.com/inmueble/arriendo-apartamento-barranquilla-paraiso-3-habitaciones-2-banos-1-garajes/18260-M6227180,3157227537,573157227537,FINANCAR S.A / Inmobiliaria,ELIAS MOISES SAIEH  PACHECO,20,https://multimedia.metrocuadrado.com/18260-M6227180/18260-M6227180_39.jpg,True,"Descubre este apartamento amoblado de 57 metros cuadrados distribuidos en Sala-Comedor, Cocina Integral, 3 habitaciones, 2 baños, area de labores. Disfruta de iluminación natural, zonas verdes y vigilancia privada 24*7. Además, ofrece acceso a Salón Comunal, Piscina, Zona Infantil, Gimnasio, Planta "
FR-194306458,Finca Raiz,"Apartamento en Arriendo en Ciudad Mallorquin, Barranquilla",Apartamento,2265000,235000,2500000,43860,Ciudad Mallorquin,Noroccidente,Cra 22# 1E-86,57.0,2,2,0,3,https://www.fincaraiz.com.co/apartamento-en-arriendo-en-ciudad-mallorquin-barranquilla/194306458,+5730,,Issa Saieh Inmobiliaria,Issa Saieh Inmobiliaria,8,https://cdn2.infocasas.com.uy/repo/img/6ab43e78d6508_infocdn__32490-1-1790188536jpg.jpg,True,"Descubre este increíble apartamento amoblado de 2 habitaciones y 2 baños en una zona residencial con cómodas vías de acceso. Al entrar, te recibirá una cocina integral moderna y funcional, seguida de una acogedora sala-comedor con vista exterior y baño social. Además, cuenta con un estudio ideal par"
MQ-9851-M7111338,Metrocuadrado,"Apartamento en Arriendo, Miramar, Barranquilla",Apartamento,2270000,230000,2500000,45455,Miramar,Noroccidente,"Miramar, Barranquilla",55.0,2,2,1,4,https://www.metrocuadrado.com/inmueble/arriendo-apartamento-barranquilla-miramar-2-habitaciones-2-banos-1-garajes/9851-M7111338,6053303333,573176969321,FINANCAR S.A,Asesor Comercial,12,https://multimedia.metrocuadrado.com/9851-M7111338/9851-M7111338_21.jpg,True,"Se vende cómodo y moderno apartamento con excelente distribución. Cuenta con 2 habitaciones, 2 baños, sala–comedor amplia, balcón, cocina integral y zona de labores. Incluye parqueadero privado y espacios ideales para la vida familiar, como juegos didácticos.  El edificio ofrece completas zonas comu"
MQ-13957-M6866278,Metrocuadrado,"Apartamento en Arriendo, San Vicente, Barranquilla",Apartamento,2500000,0,2500000,49020,San Vicente,Norte,"San Vicente, Barranquilla",51.0,1,2,1,5,https://www.metrocuadrado.com/inmueble/arriendo-apartamento-barranquilla-san-vicente-1-habitaciones-1-banos/13957-M6866278,3241000082,573014726883,CONINSA RAMON H. S.A. / Inmobiliaria Mchaileh,Asesor Comercial,21,https://multimedia.metrocuadrado.com/13957-M6866278/13957-M6866278_11.jpg,True,"Descubre la elegancia y comodidad en este exclusivo apartamento AMOBLADO en arriendo ubicado en una de las zonas más prestigiosas de la ciudad. Con 1 habitación, 2 baños y 51 metros cuadrados, este espacio ofrece un ambiente acogedor y funcional para tu estilo de vida. Además, cuenta con 1 parqueade"
MQ-13957-M6917189,Metrocuadrado,"Apartamento en Arriendo, Riomar, Barranquilla",Apartamento,2500000,0,2500000,62500,Riomar,Noroccidente,"Riomar, Barranquilla",40.0,1,1,0,5,https://www.metrocuadrado.com/inmueble/arriendo-apartamento-barranquilla-riomar-1-habitaciones-1-banos/13957-M6917189,3241000082,573014726883,CONINSA RAMON H. S.A.,Asesor Comercial,12,https://multimedia.metrocuadrado.com/13957-M6917189/13957-M6917189_16.jpg,True,"CONINSA ARRIENDA – Apartaestudio amoblado en Riomar Hermoso apartaestudio totalmente amoblado de 40 metros, ideal para quienes buscan comodidad y una excelente ubicación. Cuenta con sala, 1 alcoba con baño privado y aire acondicionado, cocina integral y espacios funcionales que brindan confort para "
MQ-13156-M6921904,Metrocuadrado,"Apartamento en Arriendo, El Golf, Barranquilla",Apartamento,2208000,292000,2500000,65291,El Golf,Norte,"El Golf, Barranquilla",38.29,1,1,1,6,https://www.metrocuadrado.com/inmueble/arriendo-apartamento-barranquilla-el-golf-1-habitaciones-1-banos-1-garajes/13156-M6921904,3218521992,573218521992,CERTAIN & PEZZANO GRUPO INMOBILIARIO S.A.S.,Asesor Comercial,12,https://multimedia.metrocuadrado.com/13156-M6921904/13156-M6921904_271.jpg,True,"Descubre este moderno apartamento  tipo loft de 38.29M2, 1 baño, cocina integral, 1 parqueadero, ubicado en la exclusiva zona de Riomar, en el barrio El Golf de Barranquilla, un lugar que destaca por su alto estrato y su ambiente sofisticado. Construido en 2018, este inmueble no solo ofrece un diseñ"
